,pH.preference,Dataset,ASV,X5.FTHF_cyc.lig,AAA_25,AAA_assoc_C,AcetylCoA_hyd_C,ASH,Big_3_5,CitMHS,CpsB_CapC,CpXC,CsbD,Cys_rich_CPXG,Cytidylate_kin2,CytoC_RC,DHquinase_I,Exo_endo_phos,FAD_binding_7,Glucodextran_N,GWxTD_dom,HipA_2,HTH_37,HupF_HypC,HycI,HypD,Ig_GlcNase,KdpA,KdpC,KdpD,Lactonase,MCRA,Met_gamma_lyase,Methyltransf_4,MgtE,MNHE,MrpF_PhaF,OprB,Paired_CXXCH_1,PDZ_2,PGI,PhaG_MnhG_YufB,Phenol_MetA_deg,Phosphoesterase,Polbeta,PQQ,Pro.kuma_activ,SelO,SNase,SOUL,TctA,TelA,TFR_dimer,TPP_enzyme_C,TrbI,UvdE,WXXGXW,YHS,zf.CDGSH
1,3.724741011,SRS,ASV_347,1,1,1,1,0,0,1,0,0,1,0,0,1,0,1,1,0,0,0,1,1,1,1,0,1,1,1,0,1,0,1,0,1,1,1,0,1,1,1,0,1,1,1,0,1,1,1,0,0,0,1,1,0,1,1,1
2,3.839539646,SRS,ASV_1159,1,1,1,1,0,0,1,0,0,0,0,0,0,0,1,0,0,0,0,0,0,0,0,0,1,1,1,1,0,0,1,0,0,0,1,0,0,1,0,1,1,0,1,1,1,0,0,0,0,0,1,1,0,1,0,1
3,3.902704591,SRS,ASV_215,1,0,0,1,0,0,1,0,0,1,1,0,0,0,1,1,0,0,0,0,0,0,0,0,1,1,1,1,0,0,1,0,0,0,1,0,0,1,0,1,1,0,0,1,1,0,0,0,0,0,0,1,0,1,0,0
4,3.914741011,SRS,ASV_2083,0,1,1,0,0,1,0,1,1,1,0,0,0,1,0,0,1,1,1,1,1,1,1,1,1,1,1,1,0,0,0,0,0,0,1,1,1,1,0,1,1,1,1,1,1,0,0,0,0,0,0,1,0,1,0,1
5,3.984741011,SRS,ASV_1484,0,0,1,0,1,1,0,1,1,1,0,1,1,1,0,0,1,1,1,1,0,0,0,1,1,1,1,1,0,0,0,0,1,0,1,1,1,1,0,1,1,1,0,1,0,0,0,0,0,1,1,1,0,1,0,0
6,3.98896466,SRS,ASV_1896,0,1,1,1,0,0,1,1,0,0,0,0,1,1,1,0,0,1,0,0,0,0,0,0,0,0,0,0,0,0,1,0,0,0,1,0,0,0,0,0,0,1,0,1,0,0,0,0,0,1,1,0,0,1,0,1
7,3.994382925,SRS,ASV_44,0,1,1,1,1,1,0,0,0,1,1,1,1,1,1,1,1,1,1,1,0,0,0,0,1,1,1,1,0,0,0,0,0,0,1,1,1,0,0,1,1,0,1,1,0,0,0,0,0,1,1,1,0,1,1,1
8,4.02152661,SRS,ASV_1988,0,0,1,0,1,1,0,1,1,1,1,0,0,1,1,0,1,1,1,1,0,0,0,1,1,1,1,1,1,0,0,0,0,0,1,1,1,1,1,0,1,0,1,1,1,0,0,0,0,1,0,1,0,1,1,1
9,4.057128105,SRS,ASV_3,1,1,0,0,0,1,1,0,0,1,0,0,0,0,1,1,0,0,0,1,1,1,1,0,1,1,1,1,0,0,1,0,0,0,0,0,1,1,0,0,1,0,0,1,1,0,0,0,0,0,1,0,0,0,0,0
10,4.057128105,SRS,ASV_24,1,1,1,1,0,0,1,0,0,1,0,0,0,0,1,1,1,0,0,1,1,1,1,0,1,1,1,1,1,0,1,1,0,0,1,0,0,1,0,1,1,0,1,1,1,0,0,1,0,0,1,1,0,1,0,1
11,4.119884881,SRS,ASV_232,1,1,0,1,1,1,1,0,0,1,0,0,0,0,1,1,1,0,1,0,1,1,0,0,1,1,1,1,1,0,1,0,1,1,0,0,1,1,1,0,1,1,0,1,0,0,0,0,0,0,1,0,0,0,0,0
12,4.162673025,SRS,ASV_179,0,0,1,0,1,1,0,1,0,1,1,1,1,1,0,0,1,1,1,1,1,1,1,1,1,1,1,1,1,0,0,0,0,0,1,1,1,1,0,0,1,1,0,1,1,0,0,0,0,1,1,1,0,1,0,1
13,4.162673025,SRS,ASV_4,1,1,1,1,0,1,1,0,0,1,0,0,0,0,1,1,0,0,0,1,0,0,1,0,1,1,1,1,1,0,1,1,1,1,1,0,0,0,1,1,1,1,1,1,1,1,0,1,0,0,1,1,0,0,0,0
14,4.16896466,SRS,ASV_1908,1,1,0,1,0,0,1,0,0,1,1,0,0,0,1,1,0,0,0,0,1,0,1,1,1,1,1,0,0,0,1,1,0,0,0,1,1,1,0,1,1,0,1,1,1,0,0,0,0,0,0,1,0,1,0,0
15,4.206215809,SRS,ASV_2543,0,1,0,0,0,0,0,1,0,1,1,0,0,0,1,0,0,0,1,0,0,0,0,0,1,1,1,1,0,0,1,1,0,0,1,1,0,0,0,1,1,1,1,0,0,0,1,0,0,1,1,0,0,1,1,1
16,4.264382925,SRS,ASV_1156,1,0,1,1,0,1,0,0,1,1,0,0,0,0,1,1,0,0,0,0,0,0,0,0,0,0,0,1,0,0,1,0,0,0,0,0,1,0,0,1,0,0,1,0,1,1,0,1,0,0,1,1,0,0,0,0
17,4.264382925,SRS,ASV_2254,0,0,1,1,1,1,0,1,1,1,0,1,1,1,1,0,1,1,1,0,1,1,1,1,1,1,1,1,0,0,0,0,0,0,1,1,1,1,0,1,1,1,1,1,0,0,0,0,0,1,1,1,0,1,0,1
18,4.322909537,SRS,ASV_2180,0,0,0,0,0,0,0,0,0,0,1,1,0,0,1,0,0,0,0,0,1,0,1,0,1,1,1,1,0,0,1,0,0,0,1,0,1,1,0,0,1,1,0,0,0,0,0,0,0,0,0,0,0,1,0,0
19,4.34896466,SRS,ASV_2027,0,1,0,0,0,1,0,1,0,1,1,0,1,0,1,1,0,1,1,0,0,0,0,0,1,1,1,0,0,0,0,1,0,0,1,1,0,0,0,0,0,1,0,0,0,0,0,0,0,0,1,0,0,1,0,0
20,4.34896466,SRS,ASV_4287,0,1,0,0,0,1,0,1,0,1,1,0,1,0,1,1,0,1,1,0,0,0,0,0,1,1,1,0,0,0,0,1,0,0,1,1,0,0,0,0,0,1,0,0,0,0,0,0,0,0,1,0,0,1,0,0
21,4.394971218,SRS,ASV_288,1,1,1,0,1,0,0,1,0,1,1,0,0,0,1,0,1,0,0,1,0,0,0,0,1,1,1,1,0,0,1,0,0,0,1,0,1,1,0,0,1,0,0,0,0,0,0,0,0,0,1,0,0,1,0,1
22,4.41896466,SRS,ASV_290,0,0,1,0,1,1,1,1,1,1,0,1,1,1,1,0,1,1,1,1,1,1,1,1,1,1,1,1,0,0,0,1,0,0,1,1,1,1,0,1,1,0,1,1,1,0,0,0,0,1,1,1,0,1,0,0
23,4.43152661,SRS,ASV_3301,1,1,1,0,0,0,1,0,0,0,0,0,0,0,1,0,1,0,1,1,0,0,0,0,1,1,1,1,0,0,1,0,0,0,1,0,0,1,0,1,1,1,1,1,1,0,0,0,1,0,1,1,0,1,0,0
24,4.43152661,SRS,ASV_3624,1,1,1,1,0,0,1,0,0,1,0,0,0,0,1,1,0,0,1,1,1,1,1,0,1,1,1,1,1,0,1,1,1,1,1,0,1,0,1,1,1,0,1,1,1,1,0,1,0,0,1,1,0,0,0,0
25,4.469884881,SRS,ASV_1997,0,1,0,1,1,1,1,1,1,1,0,1,1,1,1,0,1,1,1,1,1,1,1,1,1,1,1,1,0,0,0,0,0,0,0,1,1,0,0,1,1,1,0,1,0,0,0,0,0,1,1,1,0,1,0,1
26,4.482679136,SRS,ASV_434,0,1,1,1,1,1,0,1,1,1,1,1,1,1,1,0,1,1,0,1,1,1,1,1,1,1,1,1,0,0,0,0,0,0,1,1,1,1,0,1,1,1,1,1,0,0,0,0,0,1,1,1,0,1,1,1
27,4.482679136,SRS,ASV_1186,0,1,1,0,1,1,0,0,1,1,0,1,0,0,1,0,1,0,1,0,1,1,1,0,1,1,1,1,0,0,0,0,0,0,0,0,0,1,0,0,1,1,1,1,0,0,0,0,0,0,1,0,0,0,0,0
28,4.500153841,SRS,ASV_3579,0,0,0,0,1,1,0,1,0,1,0,0,0,0,1,1,0,0,0,0,0,0,0,0,1,1,1,0,0,0,0,0,0,0,0,0,0,1,0,0,1,1,0,0,0,0,0,0,0,0,1,0,0,0,0,0
29,4.544382925,SRS,ASV_3091,0,1,0,0,0,0,0,1,0,1,0,0,1,0,1,1,0,0,1,0,0,0,0,1,1,1,1,1,0,0,1,1,0,0,1,0,0,1,0,1,1,1,0,0,0,1,0,0,1,1,1,0,0,1,0,0
30,4.573591191,SRS,ASV_4025,1,1,0,0,0,0,0,0,0,0,0,0,0,0,1,1,0,0,0,0,0,0,0,0,0,0,0,0,0,0,1,0,0,0,0,0,0,1,0,0,1,1,0,0,1,0,0,0,0,0,0,0,0,0,0,1
31,4.61816053,SRS,ASV_3515,0,1,0,0,0,0,0,1,0,1,1,0,0,0,1,0,0,0,1,0,0,0,0,0,1,1,1,1,0,0,1,1,0,0,1,1,0,0,0,1,1,1,1,0,0,0,1,0,0,1,1,0,0,1,1,1
32,4.630153841,SRS,ASV_3111,1,1,0,0,0,0,0,0,0,1,0,0,0,0,1,1,0,0,1,0,0,0,0,0,1,1,1,1,0,0,1,0,0,0,0,0,1,1,0,0,0,0,1,0,0,1,0,1,0,0,1,0,0,0,0,1
33,4.662672792,SRS,ASV_272,0,1,0,0,0,0,0,1,0,1,0,1,0,0,0,0,0,0,1,0,1,1,1,0,0,1,1,0,0,0,0,0,1,0,0,0,0,1,0,0,1,0,0,1,0,0,0,0,0,0,1,0,0,0,0,0
34,4.704382925,SRS,ASV_238,1,1,1,1,0,0,1,0,0,1,0,0,0,0,1,1,0,0,1,1,0,0,0,0,1,1,1,1,0,0,1,0,1,1,1,0,0,1,1,1,1,0,1,1,1,0,0,1,0,0,1,1,0,1,0,1
35,4.708875029,SRS,ASV_3260,1,1,1,1,0,1,0,0,0,1,0,0,0,0,1,1,1,0,1,1,1,1,1,0,1,1,1,1,0,0,1,0,1,1,0,0,1,1,1,0,1,0,0,1,0,0,0,0,0,0,1,0,0,0,0,1
36,4.83896466,SRS,ASV_758,1,1,0,1,0,0,1,0,0,1,0,0,0,0,1,1,0,0,0,0,1,1,1,1,1,1,1,0,0,0,1,0,1,1,0,0,0,1,1,0,1,0,0,1,1,1,1,1,0,0,1,0,0,0,1,1
37,4.850153841,SRS,ASV_835,0,0,1,0,1,1,0,1,0,1,0,0,1,1,0,0,1,1,1,1,0,0,0,1,1,1,1,1,0,0,0,0,0,0,1,0,1,1,0,1,1,0,0,1,0,0,0,0,0,0,1,1,0,1,0,1
38,4.88152661,SRS,ASV_2795,1,1,0,0,0,0,0,0,0,1,0,0,0,0,1,1,0,0,0,0,0,0,0,0,0,0,0,1,0,0,0,0,1,1,0,0,1,1,1,0,0,0,0,0,0,0,0,0,0,0,1,0,0,0,0,1
39,4.887128105,SRS,ASV_1487,1,1,1,1,0,0,1,0,0,1,0,0,0,0,1,1,0,0,1,1,0,0,0,0,1,1,1,1,0,0,1,0,1,1,1,0,0,1,1,1,1,0,1,1,1,0,0,1,0,0,1,1,0,1,0,1
40,4.904280839,SRS,ASV_1699,1,1,1,0,0,0,1,0,0,1,0,0,0,0,1,0,1,0,0,0,0,0,0,0,1,1,1,1,0,0,1,0,0,0,1,0,0,1,0,0,1,1,1,1,1,0,0,0,0,0,1,1,0,0,0,0
41,5.022420669,SRS,ASV_2580,0,1,1,1,1,1,1,1,1,1,0,1,1,1,1,0,0,1,1,1,1,1,1,1,1,1,1,1,0,0,0,0,0,1,0,1,1,1,1,1,1,0,1,1,1,0,0,0,0,0,1,1,0,1,0,0
42,5.024741011,SRS,ASV_2394,0,0,0,0,0,1,1,0,0,1,0,0,0,1,1,0,0,0,0,0,1,1,1,0,0,0,0,1,0,0,1,1,0,0,0,0,1,1,0,1,1,0,0,0,0,0,0,0,0,1,1,1,0,1,0,1
43,5.047128105,SRS,ASV_1732,1,1,0,0,0,1,0,0,0,1,0,0,0,0,1,1,0,0,1,1,1,1,1,0,1,1,1,0,0,0,1,0,1,1,0,0,1,1,1,0,1,1,0,1,0,0,0,0,0,0,1,0,0,0,0,1
44,5.074280839,SRS,ASV_3518,0,1,0,0,0,0,1,0,0,0,0,0,1,0,1,1,0,0,1,0,0,0,0,0,0,0,0,1,0,0,1,0,0,0,1,0,1,0,0,0,1,1,1,0,0,1,0,0,1,0,0,0,0,1,0,1
45,5.094691405,SRS,ASV_490,0,1,0,0,0,0,0,1,0,1,0,0,1,0,1,1,0,0,1,0,0,0,0,1,1,1,1,1,0,0,1,1,0,0,1,0,0,1,0,1,1,1,0,0,0,1,0,0,1,1,1,0,0,1,0,0
46,5.094691405,SRS,ASV_123,0,0,1,1,1,1,0,1,1,1,1,0,1,1,0,0,1,1,1,0,0,0,0,1,1,1,1,1,1,0,0,0,0,0,1,1,1,1,0,1,1,0,0,1,0,0,0,0,0,1,1,1,0,1,0,1
47,5.105868465,SRS,ASV_1375,1,0,1,0,0,0,1,0,0,1,0,0,0,0,1,1,0,0,0,1,1,1,1,0,1,1,1,1,1,0,1,1,0,0,1,0,1,1,0,0,1,1,0,0,1,0,1,0,0,0,1,1,0,1,0,1
48,5.119884881,SRS,ASV_2637,1,1,0,1,0,1,0,1,1,0,0,0,1,0,1,0,1,0,1,0,0,0,0,1,1,1,1,1,0,0,1,1,0,0,1,0,1,1,0,1,1,1,1,1,0,0,0,0,1,1,1,0,0,1,1,0
49,5.149539646,SRS,ASV_725,0,1,0,0,0,0,0,1,0,1,1,0,0,0,1,0,0,0,1,0,0,0,0,0,1,1,1,1,0,0,1,1,0,0,1,1,0,0,0,1,1,1,1,0,0,0,1,0,0,1,1,0,0,1,1,1
50,5.154801797,SRS,ASV_1921,1,1,0,1,0,0,0,0,0,1,0,0,0,0,1,1,0,0,0,0,1,1,1,0,1,1,1,0,0,0,1,0,0,0,0,0,1,1,0,0,1,0,0,0,1,0,1,0,0,0,1,0,0,0,0,1
51,5.185668249,SRS,ASV_1501,1,1,0,0,0,0,1,0,0,0,0,0,0,0,1,0,0,0,0,0,0,0,0,0,0,0,0,0,0,0,1,1,0,0,0,0,0,1,0,1,0,0,0,0,1,0,0,0,1,0,1,1,0,1,1,0
52,5.192673025,SRS,ASV_2928,0,1,0,0,0,0,1,0,0,1,0,0,1,0,0,0,0,1,0,0,0,0,0,0,0,0,0,0,0,0,0,1,0,0,1,0,0,0,0,1,0,0,1,0,0,0,0,0,0,0,1,0,0,1,0,1
53,5.192673025,SRS,ASV_2167,1,1,0,0,0,0,0,0,0,0,0,0,0,0,1,1,0,0,0,0,0,0,0,0,0,0,0,0,0,0,1,0,0,0,0,0,0,1,0,0,1,1,0,0,1,0,0,0,0,0,0,0,0,0,0,1
54,5.233591191,SRS,ASV_715,1,1,0,0,1,1,1,0,0,0,0,0,0,0,1,0,0,0,1,0,0,0,0,0,1,1,1,0,0,0,1,0,0,0,0,0,1,1,0,0,1,0,0,1,0,0,0,0,0,0,1,0,0,0,1,0
55,5.23816053,SRS,ASV_548,1,1,0,0,0,1,1,0,0,1,0,0,0,0,1,1,0,0,0,0,0,0,0,0,0,0,0,1,0,0,1,0,1,1,0,0,0,1,1,0,1,1,0,0,0,0,0,1,0,0,0,0,0,0,0,0
56,5.294971218,SRS,ASV_532,1,1,0,1,0,0,1,0,0,1,1,0,0,0,1,0,0,0,0,1,0,0,0,1,1,1,1,1,0,0,1,0,0,1,1,0,0,1,1,1,1,0,0,1,1,0,0,0,0,0,0,1,0,1,0,0
57,5.414971218,SRS,ASV_3067,0,0,0,0,1,1,0,1,0,1,0,0,0,0,1,1,0,0,0,0,0,0,0,0,1,1,1,0,0,0,0,0,0,0,0,0,0,1,0,0,1,1,0,0,0,0,0,0,0,0,1,0,0,0,0,0
58,5.439539646,SRS,ASV_2839,1,1,0,0,0,0,1,0,0,1,0,0,0,0,1,1,0,0,0,0,0,0,0,0,0,0,0,1,0,0,1,0,0,0,1,1,0,1,0,0,1,0,0,0,1,0,0,0,0,1,1,1,0,0,0,0
59,5.442672792,SRS,ASV_96,1,1,1,0,0,0,1,0,0,1,0,0,1,0,1,1,0,0,0,1,0,0,0,0,1,1,1,1,0,0,1,1,0,0,1,0,0,1,0,1,0,0,0,0,1,1,1,0,0,0,0,1,0,0,0,0
60,5.442672792,SRS,ASV_1188,1,1,0,0,1,1,0,0,0,1,0,0,0,0,1,0,1,0,0,0,1,1,0,1,1,1,1,1,0,0,0,0,0,0,0,0,1,1,0,0,1,0,0,0,0,1,0,0,0,0,1,0,0,0,0,0
61,5.44816053,SRS,ASV_940,0,1,0,1,1,1,1,1,1,1,0,1,1,1,1,0,1,1,1,1,1,1,1,1,1,1,1,1,0,0,0,0,0,0,0,1,1,0,0,1,1,1,0,1,0,0,0,0,0,1,1,1,0,1,0,1
62,5.559884881,SRS,ASV_2048,1,1,1,1,0,0,1,0,0,1,0,0,0,0,1,1,1,0,0,0,0,0,0,0,1,1,1,1,0,0,1,1,0,0,0,0,0,1,0,0,1,0,1,0,0,1,0,1,0,0,0,1,0,0,0,0
63,5.592428764,SRS,ASV_740,1,1,1,1,0,0,1,0,0,1,0,1,0,0,1,1,0,0,0,1,0,0,0,0,1,1,1,1,0,0,1,0,1,1,1,0,0,1,1,0,1,0,1,1,1,0,0,1,0,0,1,0,0,1,0,1
64,5.629884881,SRS,ASV_2092,1,1,0,1,0,0,0,1,0,1,0,0,1,0,1,1,0,0,0,0,1,1,1,1,1,1,1,1,0,0,1,1,0,0,1,1,1,1,0,1,1,0,1,0,0,0,0,0,0,1,1,0,0,1,1,1
65,5.659539646,SRS,ASV_2727,0,1,0,0,0,0,0,1,0,1,0,0,1,0,1,1,0,0,1,0,0,0,0,1,1,1,1,1,0,0,1,1,0,0,1,0,0,1,0,1,1,1,0,0,0,1,0,0,1,1,1,0,0,1,0,0
66,5.709539646,SRS,ASV_7,0,0,0,0,0,1,1,0,0,1,0,0,0,1,1,0,0,0,0,0,1,1,1,0,0,0,0,1,0,0,1,1,0,0,0,0,1,1,0,1,1,0,0,0,0,0,0,0,0,1,1,1,0,1,0,1
67,5.709539646,SRS,ASV_3797,1,1,0,1,0,0,1,0,0,1,0,1,0,0,1,0,0,0,0,0,0,0,0,0,1,1,1,1,1,0,1,1,1,1,0,0,0,1,1,0,0,0,0,0,0,1,0,1,0,0,1,0,0,0,0,0
68,5.724280839,SRS,ASV_3223,1,1,0,1,0,0,1,0,0,1,0,1,0,0,1,1,0,0,1,1,0,0,0,0,0,0,0,1,0,0,0,0,0,0,0,0,1,1,0,0,1,0,0,0,1,0,0,1,0,0,1,0,0,0,0,1
69,5.73896466,SRS,ASV_3008,1,1,0,0,0,0,0,0,0,0,0,0,0,0,1,0,0,0,0,0,0,0,0,0,0,0,0,0,0,0,1,0,0,0,1,0,0,1,0,1,1,1,0,0,1,1,0,1,1,0,1,1,0,0,1,1
70,5.73896466,SRS,ASV_838,1,1,0,1,0,0,0,1,0,1,0,0,1,0,1,0,0,0,1,0,0,0,0,0,0,0,0,1,0,0,1,1,1,1,0,0,1,1,1,1,0,1,1,0,1,1,0,0,0,0,1,0,1,0,0,0
71,5.754280839,SRS,ASV_769,1,1,0,1,0,1,0,0,0,1,0,0,0,0,1,1,1,0,1,0,0,0,0,0,1,1,1,0,0,0,1,0,0,0,0,0,1,1,0,0,1,0,0,1,0,0,0,0,1,0,1,0,0,0,0,1
72,5.784741011,SRS,ASV_3715,0,0,0,1,1,1,1,1,0,1,1,1,1,1,1,0,0,1,1,1,1,1,1,1,1,1,1,1,0,0,0,0,0,0,1,1,1,1,0,1,1,1,1,1,0,0,1,0,0,1,1,1,0,1,1,1
73,5.949539646,SRS,ASV_3398,1,1,0,1,0,0,1,1,0,1,0,0,0,0,0,0,0,0,0,0,0,0,0,0,0,0,0,1,0,1,1,1,1,1,0,0,1,1,1,0,0,0,0,0,1,1,0,1,1,0,1,0,1,0,0,0
74,5.964741011,SRS,ASV_2614,1,1,0,0,0,0,0,0,0,1,0,0,0,0,1,1,0,0,0,0,0,0,0,0,0,0,0,1,0,0,0,0,1,1,0,0,1,1,1,0,0,0,0,0,0,0,0,0,0,0,1,0,0,0,0,1
75,6.094949281,SRS,ASV_564,1,1,1,1,0,1,1,0,0,1,0,0,0,0,1,1,0,0,0,1,0,0,0,0,1,1,1,1,0,0,1,0,0,0,0,0,0,1,0,0,1,0,1,1,1,0,0,0,0,0,1,0,0,1,0,0
76,6.094949281,SRS,ASV_603,1,1,1,1,0,0,1,0,0,1,0,0,0,0,1,1,0,0,1,1,0,0,0,0,1,1,1,1,0,0,1,0,0,0,1,0,0,1,0,1,1,0,1,1,1,0,0,0,0,0,1,1,0,1,0,0
77,6.094949281,SRS,ASV_461,1,1,0,0,0,1,1,0,0,1,0,0,0,0,1,1,0,0,1,0,1,1,1,1,1,1,1,1,0,0,1,0,0,1,0,0,1,1,0,0,1,0,0,1,0,0,0,0,0,0,1,0,0,0,0,0
78,6.177128105,SRS,ASV_2272,1,1,0,1,0,0,1,0,0,1,0,1,0,0,1,0,0,0,0,0,0,0,0,0,1,1,1,1,1,0,1,1,1,1,0,0,0,1,1,0,0,0,0,0,0,1,0,1,0,0,1,0,0,0,0,0
79,6.204971218,SRS,ASV_2804,1,1,0,1,0,0,0,0,0,1,0,0,0,0,1,1,0,0,0,0,1,1,1,0,1,1,1,0,0,0,1,0,1,1,0,0,1,1,1,0,0,1,0,1,1,0,0,0,0,0,1,0,0,0,0,1
80,6.204971218,SRS,ASV_634,1,1,1,1,0,0,1,0,0,1,0,0,0,0,1,0,0,0,1,1,0,0,0,0,1,1,1,1,0,0,1,0,1,1,1,0,0,1,1,0,1,0,1,1,1,0,0,1,0,0,1,0,0,1,0,0
81,6.222428764,SRS,ASV_1503,0,0,0,0,0,0,1,0,0,1,0,0,1,1,1,0,1,0,0,0,0,0,0,0,0,0,0,1,0,0,1,1,0,0,0,0,1,1,0,1,0,0,0,0,0,0,0,0,0,1,1,0,0,1,0,1
82,6.390153841,SRS,ASV_2352,1,1,0,1,1,0,0,1,0,1,1,1,0,0,1,1,1,0,1,0,1,0,0,0,1,1,1,1,0,0,0,0,0,0,0,0,0,1,0,0,1,0,0,1,1,1,0,0,0,0,1,1,0,0,0,1
83,6.508555915,SRS,ASV_1328,0,0,0,0,0,1,1,0,0,1,0,0,0,1,1,0,0,0,0,0,1,1,1,0,0,0,0,1,0,0,1,1,0,0,0,0,1,1,0,1,1,0,0,0,0,0,0,0,0,1,1,1,0,1,0,1
84,6.508555915,SRS,ASV_268,1,0,0,0,0,0,1,0,0,1,0,0,1,0,1,0,0,0,0,0,0,0,0,1,0,0,0,1,0,0,1,1,0,0,0,0,1,1,0,1,1,0,0,0,0,0,0,0,0,1,1,0,0,1,1,0
85,6.508555915,SRS,ASV_1978,1,1,0,0,0,0,1,1,0,0,0,0,0,0,1,0,0,0,0,0,0,0,0,0,0,0,0,1,0,1,1,0,0,0,0,0,1,1,0,0,0,0,0,0,1,0,0,1,1,0,1,0,1,0,0,0
86,6.64816053,SRS,ASV_2819,1,1,0,0,0,0,1,0,0,1,0,0,0,0,1,1,0,0,0,1,0,0,0,0,1,1,1,1,0,0,1,0,1,1,1,0,0,1,1,0,1,1,1,0,1,0,0,1,0,0,0,1,0,0,0,0
87,6.64816053,SRS,ASV_2251,1,1,0,0,0,0,0,0,0,1,0,1,0,0,1,0,0,0,0,0,1,0,0,0,1,1,1,1,0,0,1,0,1,1,0,0,1,1,1,0,0,0,0,0,1,1,0,0,0,0,1,0,0,0,0,0
88,6.64816053,SRS,ASV_1208,1,1,0,0,0,0,1,0,0,1,0,0,0,0,1,1,0,0,0,0,0,0,0,0,1,1,1,1,0,0,1,1,1,1,0,0,1,1,1,1,1,1,0,0,1,1,0,1,1,0,0,0,0,0,1,0
89,6.64816053,SRS,ASV_1946,1,1,0,1,1,0,1,1,1,1,1,0,0,0,1,0,0,0,1,0,0,0,0,0,1,1,1,1,0,0,1,1,1,1,0,1,0,1,1,1,1,0,1,0,1,1,0,1,0,0,1,0,1,1,1,0
90,6.694280839,SRS,ASV_884,1,1,0,1,0,0,1,1,0,1,0,0,0,0,1,0,0,0,0,0,0,0,0,0,0,0,0,1,0,1,1,0,0,0,0,0,1,1,0,0,0,0,0,0,1,1,0,0,1,0,1,0,1,0,0,1
91,6.694280839,SRS,ASV_2499,1,1,0,0,0,0,1,0,0,1,0,0,0,0,1,1,0,0,0,1,0,0,0,1,1,1,1,1,1,0,1,1,0,0,1,0,0,1,0,1,0,1,0,0,1,0,0,0,1,0,0,0,0,0,0,0
92,6.694280839,SRS,ASV_236,1,1,0,0,0,0,1,0,0,1,0,0,0,0,1,1,0,0,0,0,0,0,0,0,0,0,0,0,0,0,1,1,1,1,0,0,0,1,1,0,0,0,1,0,1,1,1,1,1,0,1,0,0,0,0,0
93,6.724280839,SRS,ASV_828,1,1,0,0,0,0,1,0,0,1,0,0,0,0,1,1,0,0,0,1,1,1,1,1,1,1,1,1,0,0,1,1,1,1,0,0,0,1,1,0,1,0,0,1,1,0,1,1,0,0,1,0,0,0,0,1
94,6.724280839,SRS,ASV_2830,1,1,0,0,0,0,1,1,0,0,0,0,0,0,1,0,0,0,1,0,0,0,0,0,1,1,1,1,0,1,1,0,0,0,0,0,1,1,0,0,1,0,0,0,1,1,0,1,1,0,1,0,1,0,0,1
95,6.724280839,SRS,ASV_2675,1,1,0,1,0,1,1,0,0,1,0,0,0,0,1,1,0,0,0,0,0,0,0,0,1,1,1,1,0,0,1,1,1,1,1,0,0,1,1,1,1,0,0,0,1,1,0,1,0,0,1,0,0,0,1,1
96,6.724280839,SRS,ASV_1740,0,1,0,0,1,1,0,0,1,1,0,1,0,0,1,0,1,0,1,1,1,1,1,0,1,1,1,1,0,0,1,0,0,0,0,0,0,1,0,0,1,1,1,1,0,0,0,0,0,0,1,0,0,0,0,0
97,7.084741011,SRS,ASV_12,1,1,1,1,0,1,1,0,0,1,0,0,0,0,1,1,0,0,0,1,0,0,1,0,1,1,1,1,1,0,1,1,1,1,1,0,0,0,1,1,1,1,1,1,1,1,0,1,0,0,1,1,0,0,0,0
98,7.104971218,SRS,ASV_3519,1,0,0,0,0,0,0,0,0,1,1,0,0,1,1,1,0,0,0,0,0,0,0,0,0,0,0,1,0,0,1,1,0,0,0,0,0,1,0,0,0,1,0,0,1,0,1,0,0,0,1,0,0,0,0,1
99,7.104971218,SRS,ASV_155,1,1,0,1,0,0,1,0,0,1,0,0,0,0,1,1,0,0,0,1,1,1,1,1,1,1,1,1,0,0,1,0,1,1,0,0,0,1,1,0,0,0,0,1,1,0,1,1,0,0,1,0,0,0,0,1
100,7.109539646,SRS,ASV_652,1,1,0,1,0,0,1,0,0,1,0,0,0,0,0,1,0,0,0,0,0,0,0,0,0,0,0,0,0,1,1,1,1,1,0,0,1,1,1,0,0,1,0,0,1,1,0,0,1,0,0,0,0,0,0,0
101,7.109539646,SRS,ASV_1720,1,1,1,1,0,0,1,0,0,1,0,0,0,0,1,1,0,0,1,1,0,0,0,0,1,1,1,1,1,0,1,0,1,1,1,0,1,1,1,1,1,0,1,1,1,0,0,1,0,0,1,1,0,1,0,1
102,7.317128105,SRS,ASV_410,1,1,0,1,0,0,1,0,0,1,0,0,0,0,1,1,0,0,0,0,0,0,0,0,1,1,1,1,1,0,1,1,0,0,1,0,0,0,0,1,1,0,1,1,1,1,0,1,0,0,1,1,0,0,0,0
103,7.317128105,SRS,ASV_1063,1,1,0,0,1,0,1,0,0,1,0,0,0,0,1,1,0,0,1,0,1,1,1,1,1,1,1,1,0,0,1,0,0,1,0,0,1,1,0,0,1,1,0,1,0,0,0,0,1,0,1,0,0,0,0,1
104,5,AUS,ASV_1,1,1,0,1,0,0,0,0,0,1,0,0,0,0,1,1,0,0,0,1,0,0,0,0,1,1,1,1,0,0,1,1,0,0,1,0,0,0,0,1,0,0,0,0,1,1,0,1,0,0,0,1,0,0,1,0
105,5,AUS,ASV_50,0,0,1,1,1,1,0,1,1,1,1,0,1,1,0,0,1,1,1,0,0,0,0,1,1,1,1,1,1,0,0,0,0,0,1,1,1,1,0,1,1,0,0,1,0,0,0,0,0,1,1,1,0,1,0,1
106,5,AUS,ASV_5,0,0,1,1,1,1,0,1,1,1,0,1,1,1,1,0,1,1,1,0,1,1,1,1,1,1,1,1,0,0,0,0,0,0,1,1,1,1,0,1,1,1,1,1,0,0,0,0,0,1,1,1,0,1,0,1
107,5.2,AUS,ASV_4,1,1,0,1,0,0,1,0,0,1,0,0,0,0,1,0,0,0,0,1,1,1,1,0,1,1,1,1,0,0,1,1,0,0,1,0,1,0,0,1,0,0,0,0,1,1,0,1,0,0,1,1,0,0,1,0
108,5.3,AUS,ASV_644,1,1,0,0,0,0,1,0,0,1,0,0,0,0,1,1,0,0,0,0,0,0,0,0,1,1,1,1,0,0,1,0,0,0,0,0,0,1,0,1,0,1,1,0,1,0,0,0,1,0,1,0,0,0,0,0
109,5.3,AUS,ASV_277,1,1,0,1,0,0,0,0,0,1,0,0,0,0,1,1,0,0,0,1,0,0,0,0,1,1,1,1,0,0,1,1,0,0,1,0,0,0,0,1,0,0,0,0,1,1,0,1,0,0,0,1,0,0,1,0
110,5.3,AUS,ASV_829,0,1,0,1,1,1,1,1,1,1,0,1,1,1,1,0,1,1,1,1,1,1,1,1,1,1,1,1,0,0,0,0,0,0,0,1,1,0,0,1,1,1,0,1,0,0,0,0,0,1,1,1,0,1,0,1
111,5.3,AUS,ASV_23,0,0,1,1,1,1,1,1,1,1,0,1,1,1,1,0,1,1,1,1,1,1,1,1,1,1,1,1,0,0,0,0,0,0,1,1,1,1,0,1,1,0,0,1,1,0,0,0,0,0,1,1,1,1,0,0
112,5.3,AUS,ASV_565,1,1,0,0,0,0,1,0,0,1,0,0,0,0,1,1,1,0,1,0,0,0,0,0,1,1,1,0,0,0,1,1,0,0,0,0,1,1,0,0,1,0,0,0,0,1,0,1,0,0,1,1,0,0,0,1
113,5.3,AUS,ASV_622,1,1,1,0,0,0,1,0,0,1,0,0,0,0,1,0,1,0,0,0,0,0,0,0,1,1,1,1,0,0,1,1,0,0,1,1,1,1,0,1,1,0,0,0,0,1,0,0,0,0,1,1,0,0,0,1
114,5.4,AUS,ASV_1320,0,1,1,1,1,1,1,1,1,1,0,1,1,1,1,0,0,1,1,1,1,1,1,1,1,1,1,1,0,0,0,0,0,1,0,1,1,1,1,1,1,0,1,1,1,0,0,0,0,0,1,1,0,1,0,0
115,5.4,AUS,ASV_54,1,1,0,1,0,0,1,0,0,1,0,0,0,0,1,0,0,0,0,1,1,1,1,0,1,1,1,1,1,0,1,1,0,0,1,0,1,0,0,1,0,0,0,0,1,1,0,1,0,0,1,1,0,0,1,0
116,5.4,AUS,ASV_629,1,1,0,1,0,1,1,0,0,1,0,0,0,0,1,1,0,0,0,0,0,0,0,0,1,1,1,1,0,0,1,1,0,0,1,0,1,0,0,1,1,0,0,1,1,1,0,1,0,0,1,1,0,1,1,1
117,5.5,AUS,ASV_61,0,0,1,0,1,1,1,1,1,1,1,0,0,1,0,0,1,1,1,1,1,1,1,1,1,1,1,1,0,0,0,0,0,0,1,1,1,1,0,1,1,0,1,1,0,0,0,0,0,0,0,1,0,1,0,1
118,5.5,AUS,ASV_3,1,1,0,0,0,0,1,0,0,1,0,0,0,0,1,1,0,0,0,1,0,0,0,0,1,1,1,1,0,0,1,1,1,1,1,0,1,0,1,0,0,0,1,0,1,1,0,1,0,0,1,1,0,0,0,1
119,5.6,AUS,ASV_1105,1,1,1,1,0,0,0,0,0,1,0,0,0,0,1,1,1,0,0,1,0,0,0,0,1,1,1,1,0,0,1,1,1,1,1,0,1,1,1,1,1,0,0,0,1,1,0,0,0,0,1,1,0,0,1,0
120,5.6,AUS,ASV_105,1,1,0,1,0,0,1,0,0,1,0,0,0,0,1,0,0,0,0,1,1,1,1,0,1,1,1,1,0,0,1,1,0,0,1,0,1,0,0,1,1,1,0,1,1,1,0,1,0,0,1,1,0,0,0,0
121,5.8,AUS,ASV_762,1,0,1,1,0,1,1,0,0,1,0,0,0,0,1,0,0,0,0,1,0,0,0,0,0,0,0,1,0,0,1,0,0,1,0,0,0,0,0,1,0,1,0,1,0,1,0,0,0,1,1,0,0,0,0,1
122,5.8,AUS,ASV_209,1,1,1,0,0,0,0,0,0,1,0,0,0,0,1,1,1,0,1,1,0,0,0,0,1,1,1,1,0,0,1,1,0,0,1,1,1,0,0,1,1,0,1,0,1,1,0,1,0,0,1,1,0,1,0,0
123,5.9,AUS,ASV_466,0,1,0,0,1,1,0,1,0,1,0,1,0,1,0,0,0,1,0,0,0,0,0,1,1,1,1,1,0,0,0,0,0,0,0,1,1,1,0,1,1,0,0,0,0,0,0,0,0,1,1,1,0,1,0,1
124,5.9,AUS,ASV_1380,1,1,0,0,0,0,1,0,0,1,0,0,0,0,1,1,0,0,1,0,0,0,0,1,1,1,1,1,0,0,1,1,0,1,0,0,1,1,0,0,1,1,0,1,0,0,0,1,0,0,1,0,0,0,0,1
125,6,AUS,ASV_59,1,1,0,0,0,0,1,1,0,1,0,0,0,0,1,0,0,0,0,0,0,0,0,0,1,1,1,1,0,0,1,1,0,0,0,0,1,1,0,0,0,1,0,0,0,1,0,1,0,0,1,1,0,0,1,1
126,6,AUS,ASV_382,1,1,0,0,0,0,1,0,0,1,0,0,0,0,1,0,1,0,0,0,0,0,0,0,1,1,1,1,0,0,1,1,0,0,0,0,1,1,0,1,1,0,0,0,0,1,0,1,0,0,1,1,0,0,0,1
127,6,AUS,ASV_693,1,1,1,0,0,0,1,0,0,1,1,0,0,0,1,0,0,0,1,0,1,1,1,1,1,1,1,1,1,0,1,0,0,0,0,0,1,1,0,0,1,1,0,1,0,0,0,0,0,0,1,0,0,0,0,0
128,6,AUS,ASV_779,1,1,0,1,1,1,1,0,0,1,0,0,0,0,1,1,0,0,1,0,1,1,1,1,1,1,1,1,0,0,1,0,0,1,0,0,1,1,0,0,1,1,0,1,0,0,0,0,1,0,1,0,0,0,0,0
129,6.1,AUS,ASV_415,1,1,1,1,0,0,0,0,0,1,0,0,0,0,1,1,1,0,0,1,0,0,0,0,1,1,1,1,0,0,1,1,1,1,1,0,1,1,1,1,1,0,0,0,1,1,0,0,0,0,1,1,0,0,1,0
130,6.1,AUS,ASV_143,1,1,0,1,0,0,1,0,0,1,0,0,0,0,1,1,0,0,0,0,0,0,0,0,1,1,1,1,1,0,1,1,0,0,1,0,1,0,0,1,0,0,0,0,1,1,0,1,0,0,1,0,0,0,1,0
131,6.1,AUS,ASV_2,1,1,0,1,0,1,1,0,0,1,0,0,0,0,1,1,0,0,0,0,0,0,0,0,1,1,1,1,0,0,1,1,0,0,1,0,1,0,0,1,1,0,0,1,1,1,0,1,0,0,1,1,0,1,1,1
132,6.1,AUS,ASV_2191,1,1,0,0,0,1,1,0,0,1,0,0,0,0,1,1,0,0,1,1,1,1,1,1,1,1,1,1,1,0,1,0,0,0,0,0,1,1,0,0,1,0,0,1,0,0,0,0,1,0,1,0,0,0,0,1
133,6.2,AUS,ASV_46,1,1,0,0,0,0,0,0,0,1,0,0,0,0,1,1,0,0,0,0,0,0,0,0,1,1,1,1,1,0,1,1,1,0,1,1,1,0,0,1,0,0,0,0,1,1,0,1,0,0,1,0,0,0,1,0
134,6.2,AUS,ASV_24,1,1,0,1,0,0,1,0,0,1,0,0,0,0,1,0,0,0,0,0,0,0,0,0,1,1,1,1,0,0,1,1,0,0,1,0,1,0,1,0,1,0,1,0,1,1,0,1,0,0,1,1,0,0,1,0
135,6.2,AUS,ASV_1423,1,1,0,1,1,1,1,0,0,1,0,0,0,0,1,1,0,0,1,0,1,1,1,1,1,1,1,1,0,0,1,0,0,1,0,0,1,1,0,0,1,1,0,1,0,0,0,0,1,0,1,0,0,0,0,0
136,6.3,AUS,ASV_1366,1,1,1,1,0,0,1,0,0,1,1,0,0,0,1,1,0,0,0,1,0,0,0,0,1,1,1,1,0,0,1,1,1,1,1,0,0,1,1,1,1,0,0,0,1,1,0,1,0,0,1,0,0,1,0,0
137,6.3,AUS,ASV_752,1,1,1,0,0,0,1,0,0,1,0,0,0,0,1,1,0,0,0,0,0,0,0,0,1,1,1,1,0,0,1,1,0,0,0,0,1,1,0,0,0,1,1,0,0,1,0,1,0,0,1,0,0,0,0,1
138,6.3,AUS,ASV_685,1,1,0,0,0,0,0,0,0,1,0,0,0,0,1,1,0,0,1,0,0,0,0,0,1,1,1,1,0,0,1,0,1,1,0,0,1,1,1,0,1,1,0,0,0,0,0,0,0,0,1,0,0,0,0,0
139,6.4,AUS,ASV_85,1,1,0,0,0,0,0,0,0,0,0,0,1,0,1,0,0,0,0,0,0,0,0,0,0,0,0,0,0,0,1,0,0,0,0,0,0,1,0,1,0,0,0,0,1,1,0,0,1,0,1,1,0,0,1,0
140,6.4,AUS,ASV_165,1,1,1,0,0,0,1,0,0,1,0,0,0,0,1,0,0,0,0,0,0,0,0,0,1,1,1,1,0,0,1,1,0,0,1,0,1,1,0,1,1,0,0,0,1,1,0,0,0,1,1,0,0,0,0,0
141,6.4,AUS,ASV_468,1,1,0,0,0,0,1,0,0,1,0,0,0,0,1,0,0,0,0,0,1,1,1,0,1,1,1,1,1,0,1,1,0,0,1,0,1,0,0,1,0,1,0,0,1,1,0,1,0,0,1,1,0,0,0,0
142,6.6,AUS,ASV_400,1,1,0,0,0,0,1,0,0,1,0,0,0,0,1,1,1,0,1,0,0,0,0,0,1,1,1,0,0,0,1,1,0,0,0,0,1,1,0,0,1,0,0,0,0,1,0,1,0,0,1,1,0,0,0,1
143,6.6,AUS,ASV_783,1,1,0,0,0,0,0,0,0,1,0,0,0,0,1,1,0,0,1,0,0,0,0,0,1,1,1,1,0,0,1,0,1,1,0,0,1,1,1,0,1,1,0,0,0,0,0,0,0,0,1,0,0,0,0,0
144,6.6,AUS,ASV_17,1,1,1,0,0,0,1,0,0,1,0,0,0,0,1,0,0,0,0,0,0,0,0,0,1,1,1,1,0,0,1,1,1,1,1,0,1,1,1,1,0,0,1,0,1,1,0,1,0,0,1,0,0,1,1,0
145,6.7,AUS,ASV_253,1,1,0,0,0,0,1,0,0,1,0,0,0,0,1,0,1,0,0,1,0,0,0,0,1,1,1,1,0,0,1,1,1,1,0,0,1,1,1,0,0,0,1,0,1,1,0,1,0,0,1,0,0,0,1,1
146,6.7,AUS,ASV_64,1,1,0,1,0,0,0,0,0,1,0,0,1,0,1,1,0,0,0,0,0,0,1,0,1,1,1,1,0,0,1,1,0,1,1,0,0,0,1,1,0,0,0,0,1,1,1,0,0,0,0,0,1,0,1,0
147,7.1,AUS,ASV_696,1,1,0,0,0,0,0,1,0,1,0,0,0,0,1,1,0,0,0,1,0,0,0,0,1,1,1,1,0,0,1,1,0,0,1,0,0,1,0,1,0,0,1,0,0,1,0,0,0,0,1,0,0,0,0,1
148,7.3,AUS,ASV_37,1,1,0,0,0,0,1,0,0,1,0,0,0,0,1,0,0,0,0,0,0,0,0,0,0,0,0,0,0,0,1,1,1,1,0,0,0,1,1,0,0,0,1,0,1,1,0,1,0,0,0,0,1,0,1,0
149,7.6,AUS,ASV_82,1,1,0,0,0,1,1,0,0,0,0,0,0,0,1,0,0,0,0,0,0,0,0,0,0,0,0,0,0,0,1,1,0,0,0,0,0,1,0,1,0,0,0,0,1,1,1,0,1,0,1,0,0,0,1,0
150,7.6,AUS,ASV_52,1,1,0,0,0,0,1,0,0,0,0,0,0,0,1,0,0,0,0,0,0,0,0,0,0,0,0,0,0,0,1,1,0,0,1,0,0,1,0,0,0,1,0,0,1,1,0,0,1,0,1,1,1,0,1,0
151,7.6,AUS,ASV_810,1,1,0,0,0,0,1,0,0,1,0,0,0,0,1,1,0,0,0,1,0,0,0,0,1,1,1,0,0,0,1,1,1,1,0,0,1,1,1,0,1,0,1,0,1,1,0,1,1,0,0,0,0,0,0,0
152,7.7,AUS,ASV_66,1,1,0,0,0,0,1,0,0,0,0,0,0,0,1,0,0,0,0,0,0,0,0,0,0,0,0,0,0,0,1,1,0,0,1,0,0,1,0,1,0,0,0,0,1,1,1,0,1,0,1,1,0,0,1,0
153,7.7,AUS,ASV_981,1,1,0,0,0,0,1,0,0,1,0,0,0,0,1,1,0,0,0,0,0,0,0,0,1,1,1,0,0,0,1,1,1,1,0,0,1,1,1,1,1,0,1,0,1,1,0,1,1,0,0,1,0,0,0,0
154,7.7,AUS,ASV_78,1,1,1,0,0,0,1,0,0,1,0,0,0,0,1,0,0,0,0,0,0,0,0,0,1,1,1,1,0,0,1,1,1,1,1,0,1,1,1,1,0,0,1,0,1,1,0,1,0,0,1,0,0,1,1,0
155,7.8,AUS,ASV_279,1,1,0,0,0,0,1,0,0,1,0,0,0,0,1,0,0,0,0,0,0,0,0,0,1,1,1,0,0,0,1,1,1,1,0,0,0,1,1,0,0,0,0,0,1,1,0,1,0,0,1,1,0,0,1,0
156,8.2,AUS,ASV_448,1,1,0,1,0,0,1,0,0,1,0,0,0,0,1,1,0,0,0,0,0,0,0,0,1,1,1,0,0,0,1,1,1,1,1,0,1,1,1,1,0,0,0,0,1,1,0,1,0,0,1,0,0,0,1,0
157,8.4,AUS,ASV_99,1,1,1,0,0,0,1,0,0,1,1,0,0,0,1,1,0,0,1,1,1,0,1,0,1,1,1,1,0,1,1,1,1,0,1,0,0,1,1,0,0,1,0,0,1,1,1,0,0,0,0,1,1,0,1,0
158,8.6,AUS,ASV_1045,1,1,0,0,0,0,1,0,0,1,0,0,0,0,1,1,0,0,0,0,0,0,0,0,0,0,0,0,0,0,1,1,1,1,0,0,0,1,1,0,0,0,0,0,1,1,0,1,0,0,1,0,1,0,1,0
159,8.7,AUS,ASV_224,1,1,0,0,0,0,1,0,0,1,0,0,0,0,1,1,0,0,0,0,0,0,0,0,0,0,0,0,0,0,1,1,1,1,0,0,0,1,1,0,0,0,0,0,1,1,0,1,0,0,0,0,1,0,1,0
160,9,AUS,ASV_425,1,1,0,0,0,0,1,0,0,1,0,0,0,0,1,1,0,0,0,0,0,0,0,0,0,0,0,0,0,0,1,1,1,1,0,0,0,1,1,0,0,1,0,0,1,1,0,1,0,0,0,0,1,0,1,0
161,9.1,AUS,ASV_1088,1,1,1,0,0,0,1,0,0,1,0,0,0,0,1,1,0,0,1,0,0,0,0,0,1,1,1,1,0,0,1,0,0,0,1,0,1,1,0,1,1,1,1,0,1,1,0,0,1,1,1,1,0,0,0,0
162,4.13,PAN,ASV_330,1,1,0,0,0,0,1,0,0,1,0,0,0,0,1,1,0,0,0,0,1,1,1,0,1,1,1,1,0,0,1,0,1,1,0,0,1,1,1,0,1,0,0,0,1,0,0,0,0,0,1,0,0,0,0,1
163,4.24,PAN,ASV_187,1,1,1,1,0,0,1,0,0,1,0,0,0,0,1,1,1,0,0,1,0,1,0,0,1,1,1,1,0,0,1,0,1,1,1,0,0,1,1,0,1,0,1,1,1,0,0,1,0,0,1,1,0,1,0,0
164,4.35,PAN,ASV_272,1,1,0,0,0,0,1,0,0,1,0,0,0,0,1,0,0,0,0,0,1,1,1,0,1,1,1,1,0,0,1,0,1,1,0,0,0,1,0,0,1,1,0,0,1,0,0,0,0,0,1,0,0,0,0,1
165,4.45,PAN,ASV_234,1,1,1,1,0,0,1,0,0,1,0,0,0,0,1,0,1,0,0,1,0,0,0,0,1,1,1,1,0,0,1,0,0,0,1,0,0,1,0,1,1,0,0,1,1,0,0,0,1,0,1,0,0,1,0,0
166,4.47,PAN,ASV_167,0,0,1,0,1,1,1,1,1,1,0,1,1,1,1,0,1,1,1,1,1,1,1,1,1,1,1,1,0,0,0,1,0,0,1,1,1,1,0,1,1,0,1,1,1,0,0,0,0,1,1,1,0,1,0,0
167,4.52,PAN,ASV_5,1,1,1,0,0,0,0,0,0,1,1,0,0,0,1,0,0,0,0,1,0,0,0,0,1,0,0,0,0,0,1,0,0,0,1,0,1,1,0,1,0,0,0,0,0,1,0,0,0,0,1,0,0,1,1,1
168,4.52,PAN,ASV_54,0,1,1,1,1,1,0,1,1,0,0,1,1,1,1,0,1,1,1,1,0,0,0,1,1,1,1,1,0,0,0,0,0,0,1,1,1,1,0,1,1,1,1,1,0,0,0,0,0,1,1,1,0,1,1,1
169,4.59,PAN,ASV_455,0,0,0,0,1,1,0,1,0,1,0,0,0,0,1,1,0,0,0,0,0,0,0,0,1,1,1,0,0,0,0,0,0,0,0,0,0,1,0,0,1,1,0,0,0,0,0,0,0,0,1,0,0,0,0,0
170,4.74,PAN,ASV_466,1,1,1,1,0,0,1,0,0,1,0,1,0,0,1,1,0,0,0,1,0,0,0,0,1,1,1,1,0,0,1,0,1,1,1,0,0,1,1,0,1,0,1,1,1,0,0,1,0,0,1,0,0,1,0,1
171,4.79,PAN,ASV_474,1,1,1,0,0,1,0,0,0,1,0,0,0,0,1,0,0,0,1,1,0,0,0,0,1,1,1,1,0,0,1,0,0,1,0,0,1,1,1,0,1,0,0,1,0,0,0,0,0,0,1,0,0,0,0,0
172,4.81,PAN,ASV_144,1,1,0,1,0,0,0,0,0,1,0,0,0,0,1,1,0,0,0,1,1,1,1,1,1,1,1,0,0,0,1,0,0,0,0,0,1,1,0,0,1,0,0,0,1,0,1,0,0,0,1,0,0,0,1,1
173,4.86,PAN,ASV_321,1,1,0,0,0,0,1,0,0,1,0,0,0,0,1,1,0,0,0,0,1,1,1,0,0,0,1,1,0,0,1,0,1,1,0,0,0,1,1,0,1,0,0,0,1,0,0,0,0,0,1,0,0,0,0,1
174,4.89,PAN,ASV_248,0,1,1,1,1,1,1,1,1,1,0,1,1,1,1,0,0,1,1,1,1,1,1,1,1,1,1,1,0,0,0,0,0,1,0,1,1,1,1,1,1,0,1,1,1,0,0,0,0,0,1,1,0,1,0,0
175,5.09,PAN,ASV_1280,1,0,1,0,0,0,1,0,0,1,0,0,0,0,1,1,0,0,0,1,1,1,1,0,1,1,1,1,1,0,1,1,0,0,1,0,1,1,0,0,1,1,0,0,1,0,1,0,0,0,1,1,0,1,0,1
176,5.16,PAN,ASV_82,0,1,0,0,0,0,1,0,0,0,0,0,0,1,1,0,1,0,0,0,0,0,0,0,0,0,0,1,0,0,1,1,0,0,0,0,1,1,0,0,1,0,1,0,0,0,0,0,0,1,1,0,0,1,0,1
177,5.17,PAN,ASV_454,0,0,1,0,1,1,0,1,0,1,0,0,0,1,1,0,1,1,1,1,1,1,1,1,1,1,1,1,0,0,0,0,0,0,1,0,1,1,0,1,1,1,1,1,1,0,0,0,0,0,1,1,0,1,0,1
178,5.18,PAN,ASV_435,1,1,0,0,1,0,1,0,0,1,0,1,0,0,1,1,0,1,1,0,1,1,1,0,1,0,0,1,0,0,1,0,0,0,0,0,0,1,0,0,1,0,0,1,1,0,0,1,0,0,1,0,0,1,0,0
179,5.27,PAN,ASV_6,1,1,0,1,0,1,1,0,0,1,0,0,0,0,1,1,0,0,0,0,0,0,0,0,1,1,1,1,0,0,1,1,0,0,1,0,1,0,0,1,1,0,0,1,1,1,0,1,0,0,1,1,0,1,1,1
180,5.28,PAN,ASV_430,1,1,1,0,0,0,0,0,0,1,1,0,0,0,1,0,0,0,0,1,0,0,0,0,1,0,0,0,0,0,1,0,0,0,1,0,1,1,0,1,0,0,0,0,0,1,0,0,0,0,1,0,0,1,1,1
181,5.28,PAN,ASV_113,0,1,0,0,0,1,0,0,0,1,0,0,1,1,1,0,0,1,0,1,0,0,0,1,1,1,1,1,0,0,0,0,0,0,0,1,1,1,0,1,1,1,1,0,0,1,0,0,0,1,1,1,0,1,0,1
182,5.33,PAN,ASV_649,0,1,0,0,0,1,0,0,1,1,0,0,1,1,1,0,0,1,0,1,0,0,0,0,1,1,1,0,0,0,0,1,0,0,0,1,1,1,0,1,1,0,0,0,0,1,0,0,0,1,1,0,0,0,0,1
183,5.35,PAN,ASV_531,0,1,0,0,0,1,0,0,1,1,0,1,0,0,1,0,1,0,1,0,0,0,0,0,0,0,0,1,0,0,0,0,0,0,0,0,0,0,0,0,1,0,0,0,0,0,0,0,0,0,1,0,0,0,0,0
184,5.36,PAN,ASV_9,0,1,0,0,0,0,1,0,0,0,0,0,0,1,1,0,1,0,0,0,0,0,0,0,0,0,0,1,0,0,1,1,0,0,0,0,1,1,0,0,1,0,1,0,0,0,0,0,0,1,1,0,0,1,0,1
185,5.49,PAN,ASV_88,0,0,0,0,1,0,1,0,0,0,0,0,0,1,1,0,1,0,0,0,1,1,1,0,1,1,1,1,0,0,1,1,0,0,1,1,1,1,0,1,0,0,1,0,0,0,0,0,0,1,1,0,0,1,0,1
186,5.57,PAN,ASV_502,1,1,0,0,1,1,1,0,0,1,1,0,1,0,1,0,0,0,0,1,0,0,0,0,1,1,1,1,0,0,1,1,0,0,1,0,0,0,0,0,1,0,1,0,0,0,0,1,0,0,1,0,0,0,1,0
187,5.58,PAN,ASV_386,0,1,1,1,1,1,1,1,1,1,0,0,0,1,1,0,1,1,1,1,1,1,1,1,1,1,1,1,1,0,0,0,1,0,1,1,1,1,0,1,1,1,0,1,1,1,0,0,0,0,0,1,0,1,0,1
188,5.65,PAN,ASV_3,0,1,0,0,0,0,1,0,0,0,0,0,0,1,1,0,1,0,0,0,0,0,0,0,0,0,0,1,0,0,1,1,0,0,0,0,1,1,0,0,1,0,1,0,0,0,0,0,0,1,1,0,0,1,0,1
189,5.77,PAN,ASV_541,1,1,0,0,0,0,1,1,0,1,0,0,0,0,1,0,0,0,0,0,0,0,0,0,1,1,1,1,0,1,1,0,0,0,0,0,0,1,0,0,0,1,1,0,1,0,0,1,1,0,1,0,1,0,0,0
190,5.78,PAN,ASV_268,1,1,0,1,1,0,1,0,1,0,0,0,1,0,1,1,0,0,0,0,1,1,1,0,1,1,1,1,0,0,1,0,1,1,1,1,1,1,1,1,1,0,0,0,1,1,0,1,0,0,1,1,0,1,1,1
191,5.79,PAN,ASV_7,1,1,0,0,0,0,1,1,0,0,0,0,0,0,1,0,0,0,1,0,0,0,0,0,0,0,0,1,0,1,1,0,0,0,0,0,1,1,0,0,1,0,0,1,1,0,0,1,1,0,1,0,1,0,0,1
192,5.85,PAN,ASV_635,0,0,0,0,0,1,1,0,0,1,0,0,0,1,1,0,0,0,0,0,1,1,1,0,0,0,0,1,0,0,1,1,0,0,0,0,1,1,0,1,1,0,0,0,0,0,0,0,0,1,1,1,0,1,0,1
193,5.91,PAN,ASV_782,1,1,0,1,0,1,1,0,0,1,0,0,0,1,1,1,0,0,0,1,0,0,0,0,1,1,1,1,0,0,1,0,0,0,0,0,1,1,0,0,1,0,0,1,1,0,0,1,1,0,1,0,0,0,0,1
194,5.92,PAN,ASV_998,1,1,0,1,0,0,1,1,0,1,0,0,0,1,1,0,0,1,0,0,0,0,0,0,1,1,1,1,0,1,1,1,1,1,0,0,1,1,1,0,0,1,0,0,1,1,0,0,1,0,1,0,1,0,0,0
195,5.98,PAN,ASV_757,1,1,0,1,0,1,0,0,0,1,0,0,0,0,1,1,0,0,1,0,1,1,1,0,1,1,1,1,0,0,1,0,0,0,0,0,0,1,0,0,1,1,1,0,0,0,0,0,0,0,1,0,0,0,0,0
196,5.98,PAN,ASV_323,0,1,0,0,1,1,1,1,0,1,0,1,0,0,1,1,1,0,1,0,0,0,0,1,1,1,1,1,0,0,0,0,1,1,0,0,0,1,1,0,0,0,1,0,1,1,0,0,0,0,1,0,1,0,0,1
197,6.02,PAN,ASV_199,1,1,0,0,0,1,0,0,0,1,0,0,0,0,1,1,1,0,0,0,1,1,1,1,1,1,1,1,0,0,0,0,1,1,0,0,1,1,1,0,1,1,0,1,0,0,0,1,0,0,1,0,0,0,0,0
198,6.03,PAN,ASV_95,1,1,0,0,0,0,0,0,0,0,0,0,0,0,1,0,0,0,0,0,0,0,0,0,0,0,0,0,0,0,1,0,0,0,1,0,0,1,0,1,1,1,0,0,1,1,0,1,1,0,1,1,0,0,1,1
199,6.17,PAN,ASV_263,0,1,0,0,0,1,1,0,0,0,0,0,0,0,0,0,0,0,0,0,0,0,0,0,0,0,0,0,0,0,0,0,0,0,0,0,1,1,0,0,0,1,0,1,0,0,0,0,0,0,1,0,0,0,0,1
200,6.22,PAN,ASV_213,0,1,0,0,0,1,0,0,0,1,0,0,1,1,1,0,0,1,0,1,0,0,0,1,1,1,1,1,0,0,0,0,0,0,0,1,1,1,0,1,1,1,1,0,0,1,0,0,0,1,1,1,0,1,0,1
201,6.23,PAN,ASV_34,1,1,0,1,0,0,1,0,0,1,1,0,0,0,1,1,0,0,0,0,0,0,0,0,1,1,1,1,0,0,1,1,1,1,1,0,0,1,1,1,0,0,1,0,1,1,0,1,0,0,0,0,0,0,0,0
202,6.24,PAN,ASV_384,1,1,1,1,0,0,1,0,0,1,0,0,0,0,1,1,0,0,1,1,0,0,0,0,1,1,1,1,1,0,1,0,1,1,1,0,1,1,1,1,1,0,1,1,1,0,0,1,0,0,1,1,0,1,0,1
203,6.26,PAN,ASV_319,1,1,0,1,0,0,1,1,0,1,0,0,0,0,1,0,1,0,0,1,0,0,0,0,1,1,1,0,0,0,1,1,0,0,0,1,0,1,0,1,1,1,0,0,0,1,0,1,0,0,1,0,0,0,0,1
204,6.27,PAN,ASV_84,1,1,0,0,0,0,1,1,0,0,0,0,0,0,1,0,0,0,1,0,0,0,0,0,1,1,1,1,0,1,1,0,0,0,0,0,1,1,0,0,1,0,0,0,1,1,0,1,1,0,1,0,1,0,0,1
205,6.27,PAN,ASV_129,1,1,0,0,0,1,1,0,0,1,0,0,0,0,1,0,0,0,1,0,1,0,1,0,1,1,1,1,0,0,1,0,0,0,0,0,1,1,0,0,0,0,1,0,0,1,0,0,1,0,1,0,0,0,0,0
206,6.29,PAN,ASV_390,1,1,0,1,0,0,1,0,0,1,0,0,0,0,1,1,0,0,0,0,1,1,1,0,1,1,1,1,0,0,1,0,1,1,0,0,1,1,1,0,1,0,0,0,0,0,0,1,0,0,1,0,0,0,0,1
207,6.34,PAN,ASV_53,1,1,0,1,0,0,1,1,0,1,0,0,0,0,1,0,0,1,1,0,0,0,0,0,1,1,1,1,0,1,1,1,1,1,0,0,1,1,1,0,0,1,0,0,1,1,0,1,1,0,1,0,1,0,0,0
208,6.41,PAN,ASV_962,1,1,0,1,0,0,1,1,0,1,0,0,0,1,1,0,0,1,0,0,0,0,0,0,1,1,1,1,0,1,1,1,1,1,0,0,1,1,1,0,0,1,0,0,1,1,0,0,1,0,1,0,1,0,0,0
209,6.42,PAN,ASV_472,1,1,0,0,0,1,0,0,0,1,1,0,0,0,1,1,0,0,1,0,1,1,1,1,1,1,1,1,1,0,1,0,0,1,0,0,1,1,1,0,1,0,1,1,0,0,0,0,1,0,1,0,0,0,0,0
210,6.43,PAN,ASV_277,1,1,0,0,0,0,1,0,0,1,0,0,0,0,1,1,0,0,0,1,0,0,0,0,1,1,1,1,0,0,1,1,0,0,1,0,0,1,0,0,0,1,1,0,1,0,0,1,0,0,1,1,1,0,0,0
211,6.43,PAN,ASV_920,1,1,1,0,0,0,1,0,0,1,0,0,0,0,1,1,0,0,0,1,0,0,0,0,1,1,1,1,0,0,1,1,1,0,1,0,0,1,0,0,1,0,0,0,0,1,1,1,0,0,1,0,0,1,0,1
212,6.43,PAN,ASV_89,1,1,0,1,0,1,1,0,0,1,1,0,0,0,1,1,0,0,0,1,0,0,0,0,1,1,1,1,0,0,1,1,1,1,1,0,0,1,1,1,1,0,1,0,1,1,0,1,0,0,1,0,0,1,0,0
213,6.44,PAN,ASV_364,1,1,0,0,0,0,1,1,0,0,0,1,0,0,1,0,0,0,0,0,0,0,0,0,1,1,1,1,0,1,1,0,0,0,0,0,0,1,0,0,1,1,0,0,1,1,0,0,0,0,1,0,1,0,0,0
214,6.51,PAN,ASV_736,1,1,0,0,0,0,1,1,0,0,0,0,0,0,1,0,0,0,0,0,0,0,0,0,1,1,1,1,0,1,1,0,1,1,0,0,1,1,1,0,0,1,0,0,1,0,0,0,1,0,1,0,1,0,0,0
215,6.59,PAN,ASV_185,1,1,0,0,0,0,1,0,0,1,0,0,0,0,1,1,0,0,0,0,0,0,0,0,0,0,0,1,0,0,1,0,1,1,0,0,0,1,1,0,0,0,0,0,1,0,0,1,0,0,0,0,0,0,0,1
216,6.59,PAN,ASV_186,1,1,0,0,0,0,0,1,0,1,0,0,0,0,1,1,0,0,1,0,0,0,0,0,1,1,1,1,0,0,1,1,0,0,0,1,0,1,0,1,0,0,1,0,1,0,0,0,0,0,0,0,0,0,1,1
217,6.61,PAN,ASV_137,1,1,0,0,0,0,1,0,0,1,0,0,0,0,1,1,0,0,0,1,1,1,1,0,1,1,1,1,1,0,1,1,0,0,1,0,1,0,0,1,0,0,0,0,1,1,0,1,0,1,1,1,0,0,0,0
218,6.62,PAN,ASV_168,0,1,0,0,0,0,1,0,0,1,0,0,0,0,1,1,0,0,0,1,1,1,1,0,1,1,1,1,0,0,0,1,0,0,0,0,1,1,0,0,0,1,0,0,1,1,0,0,0,0,1,0,0,0,1,1
219,6.63,PAN,ASV_579,0,1,0,1,0,0,1,0,0,0,0,0,0,0,1,0,0,0,0,0,0,0,0,0,0,0,0,0,0,0,0,0,0,0,0,0,0,1,0,0,0,0,0,0,0,0,0,0,0,0,1,0,0,0,1,0
220,6.64,PAN,ASV_421,1,1,0,1,0,1,1,0,0,1,0,1,0,0,1,0,0,0,0,0,0,0,0,0,1,0,1,1,0,0,0,1,1,0,1,0,1,0,0,1,1,0,1,0,0,1,0,1,0,0,1,0,0,1,1,1
221,6.66,PAN,ASV_50,1,1,0,1,0,0,1,0,0,1,0,0,0,0,1,1,0,0,0,1,0,0,0,0,1,1,1,1,0,0,1,0,1,1,0,0,1,1,1,0,0,0,0,1,1,1,0,1,0,0,1,0,0,0,0,1
222,6.68,PAN,ASV_2,1,1,0,1,0,0,1,0,0,1,0,0,0,0,0,1,0,0,0,0,0,0,0,0,0,0,0,0,0,1,1,1,1,1,0,0,1,1,1,0,0,1,0,0,1,1,0,0,1,0,0,0,0,0,0,0
223,6.68,PAN,ASV_1337,1,1,0,1,0,0,0,0,0,1,0,0,0,0,1,1,0,0,0,0,0,0,0,0,1,1,1,0,0,0,1,0,1,1,0,0,1,0,1,0,1,0,0,0,0,1,0,1,1,0,1,0,0,0,0,0
224,6.69,PAN,ASV_66,1,1,0,0,0,0,0,1,0,1,0,0,0,0,1,1,0,0,1,0,0,0,0,1,1,1,1,1,0,0,1,1,0,0,0,0,0,1,0,0,1,0,0,0,0,1,0,0,1,0,1,0,0,0,0,1
225,6.69,PAN,ASV_70,1,1,1,1,0,0,1,0,0,1,1,0,0,0,1,1,0,0,0,1,0,0,0,0,1,1,1,1,0,0,1,1,1,1,1,0,0,1,1,1,1,0,0,0,1,1,0,1,0,0,1,0,0,1,0,0
226,6.74,PAN,ASV_32,0,1,0,0,0,0,1,0,0,1,0,0,0,1,1,1,0,0,0,0,0,0,0,0,1,1,1,0,0,0,1,1,0,0,0,0,0,1,0,1,1,1,1,0,1,1,0,0,0,0,1,0,0,0,1,0
227,6.76,PAN,ASV_1222,1,1,1,1,0,1,1,0,0,1,0,0,0,0,1,1,0,0,0,1,0,0,1,0,1,1,1,1,1,0,1,1,1,1,1,0,0,0,1,1,1,1,1,1,1,1,0,1,0,0,1,1,0,0,0,0
228,6.77,PAN,ASV_450,1,1,0,0,0,1,1,0,0,0,0,0,0,0,1,1,0,0,0,1,1,1,1,0,0,0,0,0,0,0,0,1,0,0,0,1,0,1,0,1,0,0,0,0,1,1,0,1,0,0,1,0,0,0,0,1
229,6.78,PAN,ASV_575,1,1,1,1,0,0,1,0,0,1,0,1,0,0,1,0,0,0,0,0,0,0,0,0,1,1,1,1,0,0,0,1,0,0,0,0,1,1,0,1,1,1,1,0,0,1,0,1,0,0,1,0,0,1,1,1
230,6.84,PAN,ASV_21,1,1,0,1,0,0,1,0,0,1,1,0,0,0,1,1,0,0,0,0,0,0,0,0,1,1,1,1,0,0,1,1,1,1,1,0,0,1,1,1,0,0,1,0,1,1,0,1,0,0,1,0,0,0,0,0
231,6.86,PAN,ASV_537,1,1,0,0,0,0,1,0,0,1,0,0,0,0,1,1,0,0,0,0,0,0,0,0,1,1,1,1,0,0,1,0,1,1,0,0,0,1,1,0,0,0,0,0,1,0,1,1,0,0,0,0,0,0,0,0
232,6.86,PAN,ASV_1254,1,1,1,0,0,0,0,0,0,1,0,0,0,0,1,1,1,0,0,0,1,1,1,0,1,1,1,1,0,0,1,1,1,1,0,0,1,1,1,0,1,0,0,0,1,1,0,0,1,0,1,1,0,0,1,0
233,6.91,PAN,ASV_1441,1,1,0,1,0,0,1,0,0,1,0,1,0,0,1,0,0,0,0,0,0,0,0,0,1,1,1,1,1,0,1,1,1,1,0,0,0,1,1,0,0,0,0,0,0,1,0,1,0,0,1,0,0,0,0,0
234,6.96,PAN,ASV_380,1,1,0,0,0,1,1,0,0,0,0,0,0,0,1,0,0,0,0,0,0,0,0,0,0,0,0,0,0,0,1,1,0,0,0,0,0,1,0,1,0,0,0,0,1,1,1,0,1,0,1,0,0,0,1,0
235,6.96,PAN,ASV_151,1,1,1,1,0,0,1,0,0,1,0,0,0,0,1,1,0,0,0,1,0,0,0,0,1,1,1,1,0,0,1,1,1,1,1,0,1,0,1,1,1,1,1,1,1,1,0,1,0,0,1,1,0,0,0,0
236,7.06,PAN,ASV_274,1,1,1,1,0,1,0,0,0,1,0,0,0,0,1,0,0,0,0,0,0,0,0,0,1,1,1,0,0,0,1,1,1,1,1,0,1,1,1,0,0,0,0,0,0,1,0,1,0,0,1,1,0,0,1,0
237,7.22,PAN,ASV_869,1,1,0,1,0,0,1,1,0,0,0,0,0,0,1,0,0,0,1,0,0,0,0,0,0,0,0,1,0,1,1,0,0,0,0,0,1,1,0,0,0,0,0,0,1,1,0,1,1,0,1,0,1,0,0,0
238,7.4,PAN,ASV_180,1,1,0,0,1,1,1,0,0,1,0,0,0,0,1,1,0,0,1,0,1,1,1,0,1,1,1,1,0,0,1,0,0,1,0,0,1,1,0,0,1,0,0,1,0,0,0,1,1,0,1,0,0,0,0,1
239,7.84,PAN,ASV_292,1,1,0,1,0,0,1,0,0,0,0,0,1,1,1,1,1,1,0,0,0,0,0,0,1,1,1,0,0,0,1,0,0,0,0,1,1,1,0,0,0,0,0,0,0,1,1,0,0,0,1,0,0,0,1,0
240,7.84,PAN,ASV_201,1,1,0,1,1,0,1,1,1,1,1,0,0,0,1,0,0,0,1,0,0,0,0,0,1,1,1,1,0,0,1,1,1,1,0,1,0,1,1,1,1,0,1,0,1,1,0,1,0,0,1,0,1,1,1,0
241,8.01,PAN,ASV_622,1,1,0,0,0,0,0,1,0,1,0,0,0,0,1,1,0,0,0,0,0,0,0,0,1,1,1,1,0,1,1,0,0,0,0,0,1,1,0,0,0,0,0,1,1,1,0,1,1,0,1,0,1,0,0,0
242,6.49,CARBBAS,ASV_648,1,1,0,1,0,0,1,0,0,1,0,0,0,0,1,1,0,0,0,0,0,0,0,1,1,1,1,1,0,0,1,1,0,0,1,1,1,1,0,1,1,1,0,0,1,1,0,0,0,0,0,1,0,0,0,0
243,6.51,CARBBAS,ASV_320,1,1,0,0,0,0,1,0,0,0,0,0,0,0,1,1,0,0,0,0,0,0,0,0,0,0,0,1,0,0,1,0,0,0,0,0,1,1,0,0,1,0,0,0,0,0,1,0,0,0,0,0,0,0,1,1
244,6.6,CARBBAS,ASV_394,1,1,0,1,0,0,1,0,0,0,0,0,1,0,1,1,0,0,0,0,0,0,0,1,0,0,0,1,0,0,1,1,0,0,1,0,0,1,0,1,0,0,0,0,1,1,0,0,1,0,1,1,0,0,0,0
245,6.73,CARBBAS,ASV_332,1,1,1,0,0,0,0,0,0,1,0,0,1,0,1,1,0,0,0,0,0,0,0,0,1,1,1,0,1,0,1,0,0,0,1,0,1,1,0,0,1,0,0,0,1,1,1,1,0,0,1,1,0,1,0,0
246,7.72,CARBBAS,ASV_3592,1,1,0,1,1,0,0,0,0,1,0,0,0,0,1,0,0,1,0,0,0,0,0,0,1,1,1,0,0,0,1,1,0,0,0,0,1,1,0,0,0,0,0,0,0,0,0,0,0,0,0,0,0,0,0,1
247,8,CARBBAS,ASV_4934,1,0,0,1,0,0,0,0,0,1,0,0,0,0,1,1,0,0,0,0,0,0,0,0,0,0,0,0,0,0,1,1,0,0,0,0,1,1,0,0,1,0,0,0,1,1,1,0,1,0,0,1,0,0,1,0
248,6.2,CARBBAS,ASV_251,1,1,1,1,0,0,0,0,0,1,0,0,1,0,1,1,0,0,0,0,1,0,1,0,1,1,1,1,1,0,1,0,0,0,1,0,0,1,1,0,1,0,0,0,1,0,0,0,1,0,1,1,0,1,0,1
249,6.38,CARBBAS,ASV_2735,1,1,0,0,0,0,1,0,0,0,0,0,0,0,1,1,0,0,0,0,0,0,0,0,0,0,0,0,0,0,1,0,0,0,1,0,0,1,0,0,1,1,0,0,1,1,0,0,0,0,0,0,0,0,0,0
250,7.1,CARBBAS,ASV_1218,1,1,0,0,0,0,1,0,0,1,0,0,0,0,1,1,0,0,0,0,0,0,0,0,1,1,1,0,0,0,1,0,1,1,0,0,0,1,1,1,1,0,0,0,1,0,1,1,1,0,0,0,1,1,0,0
251,7.72,CARBBAS,ASV_701,0,1,0,1,0,0,1,0,0,0,1,1,0,0,1,1,0,1,0,0,0,0,0,0,0,0,0,1,0,1,1,1,0,0,1,1,1,1,0,1,0,0,0,0,0,0,1,0,0,0,1,0,0,0,1,0
252,7.73,CARBBAS,ASV_1156,1,1,0,0,0,0,0,0,0,0,0,0,1,0,1,1,0,0,0,1,0,0,0,0,0,0,0,0,0,0,1,0,1,1,0,0,0,1,1,1,0,0,0,0,1,0,1,1,0,0,0,0,0,0,0,0
253,4.69,CARBBAS,ASV_1657,0,0,1,1,1,1,0,1,0,1,0,1,1,1,0,0,0,1,1,1,1,1,1,1,1,1,1,1,0,0,0,0,0,0,1,1,1,1,0,1,1,0,0,1,0,1,0,0,0,1,1,1,0,1,1,1
254,6.63,CARBBAS,ASV_1212,0,0,1,1,1,1,0,1,0,1,0,1,1,1,0,0,0,1,1,1,1,1,1,1,1,1,1,1,0,0,0,0,0,0,1,1,1,1,0,1,1,0,0,1,0,1,0,0,0,1,1,1,0,1,1,1
255,7.56,CARBBAS,ASV_2614,0,1,0,1,0,0,0,0,0,0,0,0,0,0,1,0,0,0,0,0,0,0,0,0,0,0,0,1,0,0,0,0,0,0,0,0,0,1,0,0,0,0,0,0,0,0,0,0,0,1,1,0,0,0,1,0
256,4.89,CARBBAS,ASV_672,1,1,1,0,0,0,0,0,0,1,0,1,0,0,1,1,0,0,0,0,0,0,0,0,1,1,1,0,1,0,1,0,1,1,0,0,1,1,1,1,0,0,0,0,1,1,0,1,0,0,0,0,0,1,0,0
257,5.33,CARBBAS,ASV_1466,1,0,1,1,0,1,0,0,1,1,0,0,0,0,1,1,0,0,0,0,0,0,0,0,0,0,0,1,0,0,1,0,0,0,0,0,1,0,0,1,0,0,1,0,1,1,0,1,0,0,1,1,0,0,0,0
258,6.45,CARBBAS,ASV_32,1,1,0,1,0,0,1,0,0,1,0,0,1,0,1,1,0,0,0,1,1,1,1,0,0,0,0,1,0,0,1,0,0,0,0,1,0,1,0,1,0,1,0,0,1,0,1,1,0,0,1,0,0,0,1,1
259,6.46,CARBBAS,ASV_1648,1,1,0,0,0,0,1,0,0,1,0,0,0,0,1,1,0,0,0,1,0,0,0,0,1,1,1,1,0,0,1,1,1,1,0,0,0,1,1,1,0,1,1,0,1,1,0,1,0,0,0,1,0,0,0,0
260,6.5,CARBBAS,ASV_50,1,1,0,1,0,0,1,0,0,1,0,0,1,0,1,1,0,0,0,1,1,1,1,0,0,0,0,1,0,0,1,0,0,0,0,1,0,1,0,1,0,1,0,0,1,0,1,1,0,0,1,0,0,0,1,1
261,6.65,CARBBAS,ASV_8,1,1,0,1,0,0,1,0,0,1,0,0,1,0,1,1,0,0,0,1,1,1,1,0,0,0,0,1,0,0,1,0,0,0,0,1,0,1,0,1,0,1,0,0,1,0,1,1,0,0,1,0,0,0,1,1
262,6.73,CARBBAS,ASV_40,1,1,0,0,0,0,1,0,0,1,0,0,1,0,1,0,0,0,0,0,0,0,0,0,1,1,1,1,0,0,1,1,0,1,1,0,0,0,1,1,0,0,0,0,1,1,1,0,0,0,1,0,1,0,1,0
263,6.75,CARBBAS,ASV_1739,1,1,0,1,0,0,1,0,0,1,0,0,0,0,1,1,0,0,0,0,1,1,1,0,1,1,1,1,0,0,1,1,1,1,1,0,1,1,1,1,1,0,0,1,1,1,0,1,1,0,1,1,0,0,0,0
264,6.88,CARBBAS,ASV_2337,1,1,0,0,0,0,1,0,0,1,0,0,0,0,1,1,0,0,0,0,1,1,1,0,1,1,1,0,0,0,1,0,1,1,0,0,0,1,1,0,0,1,1,0,0,1,0,1,0,0,0,0,0,0,0,1
265,6.94,CARBBAS,ASV_2357,0,1,1,0,0,0,1,0,0,1,0,0,0,0,1,1,0,0,0,1,0,0,0,0,1,1,1,0,0,0,1,0,0,0,0,0,1,1,0,1,0,1,0,0,0,0,0,0,0,0,1,1,0,0,0,1
266,7.1,CARBBAS,ASV_152,1,1,0,0,0,0,1,0,0,1,0,0,1,0,1,1,0,0,0,1,0,0,0,0,1,1,1,1,0,0,1,1,1,1,1,0,1,0,1,1,0,0,0,0,1,1,1,1,0,0,1,0,1,0,1,0
267,7.14,CARBBAS,ASV_1327,1,1,1,0,0,0,0,0,0,1,0,0,0,0,1,1,0,0,0,1,0,0,0,0,1,1,1,0,0,0,1,1,1,1,1,0,0,1,1,0,1,0,0,0,0,1,1,0,0,0,0,1,0,0,0,0
268,7.42,CARBBAS,ASV_1734,1,1,0,0,0,0,0,0,0,0,0,0,1,0,1,1,0,0,0,0,0,0,0,0,0,0,0,0,0,0,1,1,0,0,0,0,1,1,0,0,0,1,0,0,1,0,1,0,0,0,0,0,0,0,0,1
269,7.44,CARBBAS,ASV_1827,1,1,0,0,0,0,1,0,0,0,1,0,0,0,1,1,0,0,0,0,1,1,1,0,1,1,1,0,0,0,1,1,0,0,0,0,0,1,0,0,0,0,0,0,1,0,0,1,0,0,0,0,0,0,0,0
270,7.5,CARBBAS,ASV_2736,1,1,0,0,0,0,1,0,0,1,0,0,0,0,1,1,0,0,0,0,0,0,0,0,1,1,1,0,0,0,1,1,1,1,0,0,0,0,1,1,0,0,0,0,1,1,0,0,0,0,1,1,0,0,1,0
271,7.51,CARBBAS,ASV_6068,1,0,0,1,0,0,0,0,0,0,0,0,1,0,1,1,0,0,0,1,0,0,0,0,0,0,0,0,0,0,1,1,0,0,0,0,1,1,0,0,0,1,0,0,1,0,1,0,1,0,1,1,0,0,1,0
272,7.6,CARBBAS,ASV_66,1,1,0,1,0,0,1,0,0,1,0,0,1,0,1,1,0,0,0,0,0,0,0,0,1,1,1,1,0,0,1,1,0,0,1,0,1,0,0,1,0,0,1,0,1,0,1,1,0,0,0,1,1,0,1,0
273,7.63,CARBBAS,ASV_2112,1,1,0,1,0,0,1,1,0,1,1,0,0,0,1,1,0,0,1,0,0,0,0,0,0,0,0,0,0,0,1,1,1,1,1,0,0,1,1,1,0,1,0,0,1,0,0,1,0,0,0,0,0,0,0,0
274,7.66,CARBBAS,ASV_3224,1,1,0,0,0,0,0,0,0,0,1,0,0,0,1,1,0,0,0,0,0,0,0,0,0,0,0,0,0,0,1,1,0,0,0,0,0,1,0,0,0,0,0,0,0,1,1,0,0,0,1,0,0,0,0,0
275,7.86,CARBBAS,ASV_3498,1,1,0,0,0,0,0,0,0,1,0,0,1,0,1,1,0,0,0,0,0,0,0,0,1,1,1,1,0,0,1,1,1,1,1,0,0,0,1,1,0,0,0,0,1,1,1,0,0,0,0,1,1,0,1,0
276,7.9,CARBBAS,ASV_2014,1,1,0,1,1,0,1,0,0,0,0,0,0,0,1,1,0,0,0,1,0,0,0,0,0,0,0,1,1,0,1,1,1,1,1,0,0,1,1,1,0,1,0,0,1,1,1,1,0,0,1,0,0,0,1,0
277,4.57,CARBBAS,ASV_1658,1,1,1,0,0,0,0,0,0,1,1,0,0,0,1,0,1,0,0,1,1,1,1,0,1,1,1,1,1,0,1,0,0,0,1,1,1,1,0,1,1,1,1,0,1,0,0,0,0,1,1,1,0,1,1,0
278,4.57,CARBBAS,ASV_471,1,1,1,0,0,0,0,0,0,1,1,0,0,0,1,0,1,0,0,1,1,1,1,0,1,1,1,1,1,0,1,0,0,0,1,1,1,1,0,1,1,1,1,0,1,0,0,0,0,1,1,1,0,1,1,0
279,4.57,CARBBAS,ASV_564,1,1,1,1,0,0,1,0,0,1,0,0,0,0,1,1,0,0,0,0,0,0,0,1,1,1,1,1,0,0,1,1,0,0,1,0,1,0,0,1,1,1,1,1,1,1,0,0,0,1,1,1,0,1,0,1
280,4.57,CARBBAS,ASV_1898,1,1,0,0,0,1,1,0,0,1,0,0,0,0,1,1,0,0,0,1,1,1,1,0,1,1,1,1,0,0,1,0,0,0,0,0,1,1,0,0,1,0,0,1,1,0,0,0,0,0,1,0,0,0,0,0
281,4.69,CARBBAS,ASV_1386,0,1,0,0,0,0,0,1,0,1,0,0,1,0,1,1,0,0,1,1,0,0,0,1,1,1,1,1,0,0,1,1,0,0,1,1,0,1,0,0,1,1,0,0,0,1,0,0,1,0,1,0,0,0,0,0
282,4.81,CARBBAS,ASV_271,1,1,1,1,1,0,0,0,0,0,0,0,0,0,1,1,0,0,0,1,0,0,1,0,0,0,0,1,0,0,1,0,0,0,1,0,1,1,0,1,1,0,0,1,1,0,1,0,0,1,1,1,0,0,0,1
283,5.11,CARBBAS,ASV_2457,0,1,0,0,0,1,0,0,0,1,0,1,0,0,1,0,1,0,0,0,0,0,0,0,1,1,1,1,0,0,0,1,1,0,0,0,1,0,0,0,1,0,1,1,0,0,0,0,1,0,1,0,0,0,0,0
284,5.61,CARBBAS,ASV_5559,0,1,0,0,0,0,0,0,0,1,0,0,0,0,1,0,0,0,0,0,0,0,0,0,0,0,0,1,0,0,0,1,0,0,1,0,0,0,0,1,0,1,0,0,0,0,0,0,0,0,0,0,0,0,0,0
285,5.61,CARBBAS,ASV_1238,1,1,1,1,1,0,1,0,0,1,0,0,0,0,1,1,0,0,0,0,0,0,0,0,1,1,1,1,0,0,1,0,0,0,1,0,0,1,0,1,1,0,0,1,1,0,0,0,0,0,0,1,0,1,0,0
286,5.81,CARBBAS,ASV_211,1,1,1,1,1,0,0,0,0,0,0,0,0,0,1,1,0,0,0,1,0,0,0,0,0,0,0,0,0,0,1,0,0,0,0,1,1,1,0,1,1,0,0,0,1,0,1,0,0,1,1,1,0,0,0,0
287,5.89,CARBBAS,ASV_807,1,1,0,1,0,0,1,0,0,0,0,0,0,0,1,1,0,0,0,0,0,0,0,0,0,0,0,0,0,0,1,0,0,0,0,0,0,1,0,1,0,0,0,0,1,1,0,0,1,0,1,1,0,0,0,0
288,6.09,CARBBAS,ASV_542,1,1,0,0,0,1,1,0,0,0,0,0,0,0,1,1,1,0,0,1,0,0,0,0,1,1,1,0,0,0,1,0,1,1,0,0,0,1,1,0,0,0,1,0,0,0,0,1,1,0,0,0,1,0,0,0
289,6.18,CARBBAS,ASV_209,0,0,0,0,0,0,0,0,0,0,0,0,0,0,0,0,0,0,0,0,0,0,0,0,0,0,0,0,0,0,0,0,0,0,0,0,1,0,0,0,0,1,0,0,0,0,0,0,0,0,1,0,0,0,0,0
290,6.4,CARBBAS,ASV_2270,0,0,0,0,0,0,0,0,0,0,0,0,0,0,0,0,0,0,0,0,1,0,1,0,0,0,0,0,0,0,0,0,0,0,0,0,1,0,0,0,0,1,0,0,0,0,0,1,1,0,1,0,0,0,0,1
291,6.4,CARBBAS,ASV_5541,0,1,0,0,0,0,1,0,0,1,0,0,0,1,0,0,0,0,0,0,1,1,1,0,1,1,1,1,1,0,0,0,0,0,0,1,0,0,0,1,0,0,0,0,0,1,0,0,0,0,1,0,0,0,0,0
292,6.4,CARBBAS,ASV_82,1,1,0,1,0,0,0,1,0,1,0,0,0,0,1,1,0,0,0,0,0,0,0,0,0,0,0,1,0,1,1,1,0,0,0,0,0,1,0,1,0,1,0,1,0,1,0,0,0,0,1,0,0,0,1,1
293,6.4,CARBBAS,ASV_1611,1,1,0,1,0,0,1,0,0,1,0,0,0,0,1,1,0,0,0,1,0,0,0,0,1,1,1,1,0,0,1,0,1,1,0,0,0,1,1,0,1,1,1,0,1,1,0,1,0,0,1,1,0,1,0,0
294,6.46,CARBBAS,ASV_2808,0,0,0,0,0,0,0,0,0,0,0,0,0,0,0,0,0,0,0,0,1,0,0,0,0,0,0,0,0,0,0,0,0,0,0,0,1,0,0,0,0,0,0,0,0,0,0,0,0,0,1,0,0,0,0,0
295,6.46,CARBBAS,ASV_1221,1,1,0,0,0,0,0,1,0,1,0,0,0,0,1,1,0,0,1,0,0,0,0,1,1,1,1,1,0,0,1,1,0,0,1,1,0,1,0,1,1,1,0,0,1,0,0,0,0,0,0,0,0,0,1,1
296,6.46,CARBBAS,ASV_511,1,1,1,1,1,0,1,0,0,0,0,0,0,0,1,0,0,0,0,0,0,0,0,0,1,1,1,1,0,0,1,0,0,0,0,0,1,1,0,1,1,0,0,1,1,0,0,1,0,0,1,0,0,1,0,0
297,6.51,CARBBAS,ASV_640,0,1,0,1,0,0,1,1,0,0,0,0,0,0,1,1,0,1,0,0,0,0,0,0,1,1,1,0,0,0,1,1,1,0,0,0,0,0,0,1,0,0,0,0,0,1,0,0,0,0,1,0,0,0,0,0
298,6.59,CARBBAS,ASV_2340,1,1,0,0,0,0,1,0,0,0,0,0,0,0,1,1,0,0,0,1,1,0,1,0,0,0,0,0,0,0,1,0,0,0,1,1,0,1,0,0,1,1,0,0,1,0,0,1,0,0,1,0,0,0,1,0
299,6.62,CARBBAS,ASV_559,1,1,0,1,0,0,1,0,0,1,0,0,0,0,1,1,0,0,1,1,1,1,1,0,1,1,1,0,0,0,0,0,0,1,0,1,1,1,1,0,0,1,0,0,1,0,0,1,0,0,1,1,0,0,0,0
300,6.62,CARBBAS,ASV_2538,1,0,0,1,0,0,1,0,0,1,0,1,0,0,1,0,0,0,1,0,0,0,0,0,1,1,1,0,1,0,1,1,0,0,0,0,0,1,0,1,1,0,1,0,1,1,0,0,1,0,0,0,0,0,1,0
301,6.62,CARBBAS,ASV_3955,1,1,0,0,0,0,1,0,0,1,0,0,0,0,1,1,0,0,0,0,0,0,0,1,1,1,1,1,0,0,1,1,0,0,1,0,0,1,0,0,1,0,1,0,1,1,0,0,1,0,0,1,0,0,0,0
302,6.63,CARBBAS,ASV_1047,1,1,0,1,0,0,0,0,0,0,0,0,1,0,1,1,1,0,0,0,0,0,0,1,0,0,0,0,1,0,1,1,0,0,1,0,0,1,0,1,0,1,0,0,1,1,0,0,1,0,1,1,0,0,0,0
303,6.63,CARBBAS,ASV_1088,0,0,1,1,1,1,1,1,0,1,0,1,1,1,1,0,0,1,1,1,1,1,1,1,1,1,1,1,0,0,0,0,0,0,1,1,1,1,0,1,1,1,1,1,0,0,0,0,0,0,1,1,0,1,1,0
304,6.65,CARBBAS,ASV_1061,1,1,0,1,0,0,0,0,0,0,0,1,0,1,1,1,0,0,0,0,0,0,0,0,1,1,1,1,0,0,0,0,0,0,1,1,0,1,0,0,0,0,0,0,0,0,0,0,0,0,1,1,0,1,1,1
305,6.65,CARBBAS,ASV_1171,1,1,1,0,1,0,1,1,0,1,1,1,0,0,1,0,0,0,0,1,1,1,1,0,0,0,0,0,0,0,1,0,0,0,1,1,1,1,0,1,0,1,0,1,0,1,0,0,0,0,1,0,0,0,1,0
306,6.66,CARBBAS,ASV_6241,1,1,0,1,0,0,0,1,0,1,0,0,1,0,1,1,0,0,0,0,1,1,1,1,1,1,1,1,0,0,1,1,0,0,1,1,1,1,0,1,1,0,1,0,0,0,0,0,0,1,1,0,0,1,1,1
307,6.74,CARBBAS,ASV_196,1,1,0,1,0,0,1,0,1,1,0,0,0,0,1,1,0,0,0,1,0,0,0,1,1,1,1,1,0,0,1,1,1,1,1,0,0,1,1,1,1,0,1,0,1,1,0,0,1,0,0,1,0,0,1,0
308,6.77,CARBBAS,ASV_632,1,0,0,0,0,0,0,0,1,0,0,0,0,0,1,1,0,0,0,0,0,0,0,0,1,1,1,0,0,0,1,0,0,0,0,0,1,0,0,1,0,0,0,0,0,1,1,0,0,0,1,1,0,0,1,0
309,6.78,CARBBAS,ASV_313,1,1,1,0,0,0,0,0,0,1,0,0,0,0,1,1,0,0,0,0,0,0,0,0,1,1,1,1,0,0,1,0,1,1,0,0,1,1,1,1,0,0,0,0,1,0,0,1,1,0,1,1,0,1,0,0
310,6.79,CARBBAS,ASV_1236,1,1,0,0,0,1,0,0,0,0,0,0,0,0,1,1,0,0,0,1,0,0,0,0,0,0,0,1,0,0,0,1,0,0,1,0,0,1,0,1,1,1,1,0,0,1,0,0,0,1,0,1,1,0,1,0
311,6.81,CARBBAS,ASV_1521,1,1,0,0,0,0,0,0,0,1,0,0,0,1,1,1,0,0,0,0,0,0,0,0,0,0,0,1,1,1,1,1,1,1,0,0,0,1,1,0,0,0,0,0,0,1,0,0,1,0,1,0,0,0,0,0
312,6.81,CARBBAS,ASV_3741,0,1,0,0,0,1,1,0,0,0,0,0,1,0,0,0,0,1,0,1,0,0,0,0,0,0,0,0,0,0,0,1,0,0,0,0,0,1,0,0,0,0,0,0,0,0,1,0,0,0,1,0,0,0,0,1
313,6.83,CARBBAS,ASV_3083,1,1,0,0,0,0,1,0,0,1,0,0,0,0,1,0,0,0,0,0,0,0,0,0,0,0,0,0,0,0,1,1,0,0,0,0,0,1,0,0,1,0,1,0,1,1,1,0,0,1,1,1,0,0,0,0
314,6.83,CARBBAS,ASV_927,1,1,0,0,0,0,1,0,0,1,0,0,0,0,1,1,0,0,0,1,0,0,0,0,1,1,1,0,0,0,1,0,0,0,1,0,0,1,0,0,0,1,1,0,1,1,0,0,1,0,0,1,0,0,0,0
315,6.83,CARBBAS,ASV_526,1,1,0,1,0,0,1,0,0,1,0,0,1,0,1,1,0,0,0,0,1,1,1,0,0,0,0,1,0,0,1,1,1,1,0,1,0,1,1,0,1,1,0,0,1,0,0,1,0,0,1,1,0,1,0,0
316,6.84,CARBBAS,ASV_1719,0,0,0,1,1,1,0,0,0,0,0,1,0,0,1,0,0,0,0,0,0,0,0,0,0,0,0,1,0,0,0,1,0,0,0,0,1,0,0,0,1,0,0,1,0,1,0,0,0,0,1,0,0,0,1,0
317,6.85,CARBBAS,ASV_624,0,1,0,0,0,0,0,1,0,0,0,0,1,0,0,0,0,1,0,0,0,0,0,0,0,0,0,0,0,0,0,1,0,0,0,1,0,1,0,1,1,0,0,0,0,0,0,0,0,0,1,0,0,0,1,1
318,6.87,CARBBAS,ASV_71,1,1,0,0,0,0,1,0,0,1,0,0,1,0,1,1,0,0,0,1,0,0,0,1,1,1,1,1,0,0,1,1,0,0,0,0,0,1,0,1,0,1,0,0,1,0,1,0,1,0,1,1,0,0,0,0
319,6.88,CARBBAS,ASV_4569,0,0,0,0,0,0,0,0,0,0,0,0,0,0,1,0,0,0,0,0,0,0,0,0,0,0,0,0,0,0,0,0,0,0,0,0,0,0,0,0,0,0,0,0,0,0,0,0,0,0,0,0,0,0,0,0
320,6.88,CARBBAS,ASV_767,1,0,0,1,0,0,0,0,0,0,1,0,0,0,1,1,0,0,0,0,0,0,0,0,0,0,0,0,0,0,1,1,1,1,0,0,0,1,1,1,0,0,0,0,1,0,0,0,1,0,0,0,0,0,0,0
321,6.9,CARBBAS,ASV_2012,1,1,0,1,1,0,0,1,0,1,0,0,0,0,1,1,0,0,0,1,0,0,0,0,0,0,0,1,0,0,1,1,0,0,0,0,1,1,0,0,1,1,0,0,1,0,0,1,0,0,1,0,0,1,1,0
322,6.96,CARBBAS,ASV_792,0,0,0,0,0,1,1,0,0,0,0,0,0,1,1,1,0,0,0,0,0,0,0,0,0,0,0,1,0,0,0,0,0,0,1,0,1,0,0,1,0,0,0,0,0,0,1,0,0,0,0,0,0,0,1,1
323,6.96,CARBBAS,ASV_647,1,1,0,0,0,0,1,0,0,0,0,0,0,0,1,1,0,0,0,1,0,0,0,0,0,0,0,0,0,0,1,0,0,0,0,0,0,1,0,0,0,0,0,0,1,0,1,0,0,0,1,1,0,0,0,1
324,7.05,CARBBAS,ASV_1943,1,1,0,0,0,0,0,0,0,0,0,0,0,0,1,0,1,0,0,0,0,0,0,0,0,0,0,1,0,0,1,0,0,0,0,0,0,1,0,0,0,0,0,0,0,0,0,0,0,0,0,0,0,0,0,1
325,7.1,CARBBAS,ASV_429,1,1,0,1,0,0,0,0,0,1,0,0,0,0,1,1,0,0,0,0,0,0,0,0,0,0,0,1,0,0,1,0,1,1,0,0,0,1,1,1,1,0,0,0,1,0,0,1,1,0,0,0,1,1,0,0
326,7.1,CARBBAS,ASV_787,1,1,0,0,0,0,0,1,0,1,0,0,1,0,1,1,0,0,1,0,0,0,0,0,1,1,1,1,0,0,1,0,1,1,0,0,0,1,1,0,1,1,0,0,1,0,0,1,0,0,0,1,0,1,0,0
327,7.17,CARBBAS,ASV_466,1,1,0,0,0,0,0,0,0,1,0,0,0,0,1,1,0,0,0,1,0,0,0,0,0,0,0,0,0,0,1,0,0,0,1,0,0,1,0,0,1,0,0,0,1,0,1,0,0,1,1,1,0,0,0,1
328,7.18,CARBBAS,ASV_2439,0,1,0,0,0,1,1,0,0,0,0,0,1,0,0,0,0,1,0,1,0,0,0,0,0,0,0,0,0,0,0,1,0,0,0,0,0,1,0,0,0,0,0,0,0,0,1,0,0,0,1,0,0,0,0,1
329,7.24,CARBBAS,ASV_2076,1,1,0,1,0,0,1,0,0,0,0,0,0,0,1,1,0,0,1,0,0,0,0,0,1,1,1,1,1,0,1,1,0,0,1,0,0,1,0,1,1,0,0,0,1,1,0,0,1,0,0,0,0,0,1,0
330,7.27,CARBBAS,ASV_1208,1,1,0,0,0,0,1,0,0,1,0,0,0,0,1,1,0,0,0,0,0,0,0,0,1,1,1,0,0,0,1,0,1,1,0,0,0,1,1,1,0,0,0,0,1,0,0,1,1,0,0,0,1,1,0,0
331,7.27,CARBBAS,ASV_506,1,1,1,1,0,0,0,0,0,1,0,0,0,0,1,1,0,0,0,1,0,0,0,0,1,1,1,1,0,0,1,0,0,0,0,0,0,1,0,1,1,1,0,0,1,0,0,0,0,0,0,1,0,1,0,0
332,7.34,CARBBAS,ASV_2318,1,1,0,1,0,0,0,1,0,1,0,0,0,0,1,1,0,0,1,0,0,0,0,0,1,1,1,1,0,0,1,1,0,0,0,0,0,1,0,1,0,1,0,0,0,0,0,0,0,0,0,0,0,0,1,0
333,7.38,CARBBAS,ASV_916,1,1,0,1,0,0,1,0,0,1,0,0,1,0,1,1,0,0,0,0,1,1,1,0,0,0,0,1,0,0,1,1,1,1,0,1,0,1,1,0,1,1,0,0,1,0,0,1,0,0,1,1,0,1,0,0
334,7.39,CARBBAS,ASV_1222,1,1,0,1,1,1,1,0,0,1,0,1,0,0,1,1,0,0,0,0,0,0,0,1,1,1,1,1,0,0,1,0,0,0,0,1,1,1,0,0,1,1,0,0,0,0,1,1,0,0,1,1,0,1,1,1
335,7.4,CARBBAS,ASV_603,1,1,0,0,0,1,1,1,0,1,0,0,1,0,1,1,0,0,0,0,1,1,1,0,0,0,0,1,0,0,1,0,1,1,0,0,0,1,1,0,1,0,0,0,1,1,1,1,0,0,1,0,0,0,0,1
336,7.42,CARBBAS,ASV_584,1,1,0,0,0,1,1,0,1,1,0,0,1,0,1,1,0,0,0,0,0,0,0,1,0,0,0,1,0,0,1,0,0,0,0,0,0,1,0,1,0,0,0,0,1,1,1,0,1,0,0,1,0,0,0,0
337,7.43,CARBBAS,ASV_3027,1,1,1,1,0,0,0,1,0,0,0,1,0,1,1,0,0,0,0,0,0,0,0,1,0,0,0,1,0,1,1,0,0,0,0,0,0,1,0,0,0,1,0,0,0,1,0,0,0,0,1,0,0,0,0,0
338,7.43,CARBBAS,ASV_1360,1,1,0,1,0,0,0,1,0,0,0,0,1,0,1,1,0,0,0,0,0,0,0,0,1,1,1,1,0,0,1,1,0,0,1,0,0,1,0,0,1,1,0,0,0,0,0,0,0,1,1,0,0,1,1,0
339,7.5,CARBBAS,ASV_1476,0,1,0,0,0,0,0,1,0,0,0,0,1,0,0,0,0,1,0,0,0,0,0,0,0,0,0,0,0,0,0,1,0,0,0,1,0,1,0,1,1,0,0,0,0,0,0,0,0,0,1,0,0,0,1,1
340,7.5,CARBBAS,ASV_2114,1,1,1,0,0,0,1,0,0,1,0,0,0,0,1,0,0,0,0,1,0,0,0,0,1,1,1,1,0,0,0,1,0,0,0,0,1,1,0,1,0,1,1,0,1,1,0,1,0,0,1,0,0,0,0,1
341,7.5,CARBBAS,ASV_134,1,1,0,1,0,0,0,0,0,0,0,0,0,0,1,1,0,0,0,0,0,0,0,0,1,1,1,1,0,0,1,0,1,1,0,0,1,1,1,1,0,0,0,0,1,1,0,1,0,0,0,1,0,1,0,0
342,7.51,CARBBAS,ASV_572,1,1,0,0,0,1,0,0,0,1,0,0,0,1,1,1,0,0,0,0,0,0,0,0,0,0,0,1,0,0,1,0,1,1,0,0,1,1,1,0,0,1,0,0,1,1,0,1,0,0,1,0,0,1,0,0
343,7.56,CARBBAS,ASV_236,1,0,0,0,0,0,0,0,1,0,0,0,0,0,1,1,0,0,0,0,0,0,0,0,1,1,1,0,0,0,1,0,0,0,0,0,1,0,0,1,0,0,0,0,0,1,1,0,0,0,1,1,0,0,1,0
344,7.56,CARBBAS,ASV_1892,1,1,0,1,0,0,1,0,0,1,0,0,0,0,1,1,1,0,0,0,0,0,0,0,1,1,1,0,0,0,1,1,1,1,0,0,0,1,1,1,0,0,1,0,1,1,0,0,0,0,0,1,0,0,0,0
345,7.6,CARBBAS,ASV_1024,1,1,0,0,0,0,1,0,0,1,0,0,1,0,1,1,0,0,0,0,0,0,0,0,1,1,1,0,0,0,1,1,1,1,1,0,0,1,1,0,1,0,0,0,1,1,0,0,1,1,0,0,0,0,1,0
346,7.63,CARBBAS,ASV_580,1,1,1,1,0,0,1,0,0,1,0,0,0,0,1,1,0,0,0,0,0,0,0,1,1,1,1,1,1,0,1,1,0,0,1,0,1,1,0,1,1,0,1,0,1,1,0,0,1,0,0,1,0,0,0,0
347,7.65,CARBBAS,ASV_1693,1,1,0,0,0,0,0,0,0,1,0,0,0,0,1,1,0,0,0,0,0,0,0,0,0,0,0,0,0,0,1,0,1,1,0,0,0,1,1,0,0,0,0,0,1,1,0,1,0,0,0,0,0,0,0,0
348,7.65,CARBBAS,ASV_4017,1,1,0,1,0,0,0,0,0,0,0,0,0,0,1,0,0,0,1,0,0,0,0,0,1,1,1,1,0,0,1,1,0,0,0,0,0,1,0,0,0,0,0,0,1,0,0,0,1,0,0,0,0,0,1,0
349,7.65,CARBBAS,ASV_53,0,1,0,1,0,1,0,0,0,0,0,0,0,0,1,1,0,0,1,0,1,1,0,0,0,0,0,1,0,0,0,0,0,0,0,0,0,1,0,0,0,0,0,1,0,1,0,0,0,0,1,0,0,0,1,1
350,7.66,CARBBAS,ASV_926,0,1,0,0,0,1,0,1,0,0,0,0,0,0,0,1,0,0,0,0,0,0,0,0,0,0,0,0,0,0,0,0,0,0,0,0,0,1,0,0,0,0,1,0,0,1,0,0,0,0,1,0,0,0,0,1
351,7.66,CARBBAS,ASV_2099,0,1,0,0,0,1,1,0,0,1,0,0,0,0,1,0,0,0,0,1,1,1,1,0,1,1,1,0,0,0,1,0,1,1,0,1,1,1,1,0,0,0,1,0,0,1,0,0,0,0,1,0,0,0,1,0
352,7.67,CARBBAS,ASV_5656,1,1,0,1,0,0,0,0,0,1,0,0,0,0,1,0,0,0,0,0,0,0,0,0,0,0,0,0,0,0,1,1,1,1,0,0,1,1,1,0,0,1,1,0,1,1,0,1,0,0,1,1,0,0,1,0
353,7.67,CARBBAS,ASV_376,1,1,1,0,0,0,0,0,0,1,0,0,0,0,1,1,0,0,0,0,0,0,0,0,1,1,1,1,0,0,1,0,1,1,0,0,1,1,1,1,0,0,0,0,1,0,0,1,1,0,1,1,0,1,0,0
354,7.72,CARBBAS,ASV_1742,1,1,0,0,0,0,0,0,0,1,0,0,0,0,1,1,0,0,0,0,0,0,0,0,0,0,0,0,0,0,1,0,0,0,0,0,0,1,0,0,0,0,0,0,0,0,0,0,0,0,0,1,0,0,0,0
355,7.72,CARBBAS,ASV_330,1,1,0,0,0,1,1,0,0,0,1,0,0,0,1,1,0,0,0,1,0,0,0,0,0,0,0,0,0,0,1,1,0,0,0,1,0,1,0,1,0,0,0,0,1,0,0,0,0,0,0,0,0,0,0,0
356,7.73,CARBBAS,ASV_3525,1,1,0,0,0,0,1,0,0,1,0,0,0,0,1,1,0,0,0,0,0,0,0,0,0,0,0,1,0,0,1,1,1,1,0,0,0,1,1,0,0,0,0,0,1,1,1,0,1,0,0,1,0,0,1,0
357,7.74,CARBBAS,ASV_1272,1,1,0,0,0,0,1,0,0,1,0,0,0,0,1,1,0,0,0,1,0,0,0,0,1,1,1,1,0,0,1,1,0,0,1,0,0,1,0,1,0,1,0,0,1,1,0,0,1,0,0,0,1,0,0,0
358,7.74,CARBBAS,ASV_138,1,1,0,0,0,0,1,0,0,1,0,0,0,0,1,1,0,0,0,0,0,0,0,1,1,1,1,1,0,0,1,1,1,1,1,0,0,1,1,1,1,0,1,0,1,0,0,0,1,0,0,1,0,0,1,0
359,7.75,CARBBAS,ASV_752,1,0,0,0,0,0,1,0,0,1,0,0,0,0,1,0,1,0,0,0,0,0,0,0,0,0,0,0,0,0,1,1,0,0,1,0,0,1,0,0,0,0,0,0,1,0,0,0,1,0,0,0,0,0,0,0
360,7.75,CARBBAS,ASV_646,1,1,0,1,0,0,0,0,0,0,0,0,0,0,1,1,0,0,0,1,0,0,0,0,1,1,1,1,1,0,1,0,1,1,0,0,0,1,1,1,0,0,0,0,1,0,0,0,1,0,0,0,0,0,0,0
361,7.75,CARBBAS,ASV_527,1,1,0,0,0,0,1,0,0,1,0,0,1,0,1,1,0,0,0,0,0,0,0,0,1,1,1,1,0,0,1,0,1,1,1,1,1,1,1,0,0,0,0,0,1,1,1,1,1,0,1,1,1,0,0,1
362,7.79,CARBBAS,ASV_1945,0,1,0,0,1,1,0,1,0,1,1,0,1,0,1,1,0,1,0,0,0,0,0,0,1,1,1,1,0,0,0,1,0,0,1,0,1,1,0,1,1,0,0,0,1,0,0,0,0,0,1,0,0,0,0,0
363,7.82,CARBBAS,ASV_178,1,1,0,0,0,0,1,0,0,0,0,0,0,0,1,1,0,0,0,0,1,1,1,0,0,0,0,1,0,0,1,1,0,0,0,0,1,1,0,0,0,0,0,1,0,1,0,0,0,0,1,0,0,0,1,0
364,7.82,CARBBAS,ASV_3311,0,1,0,0,0,0,1,0,0,1,0,0,0,0,1,1,0,1,0,0,0,0,0,0,0,0,0,0,0,0,1,1,0,0,0,0,0,0,0,0,0,1,0,0,0,0,0,0,0,0,0,0,0,0,0,1
365,7.84,CARBBAS,ASV_982,1,1,0,0,0,0,0,1,0,0,0,0,0,0,0,1,0,0,0,0,0,0,0,0,0,0,0,0,0,0,0,0,0,0,0,0,1,1,0,0,0,0,0,0,0,1,0,0,0,0,1,0,0,0,0,1
366,7.87,CARBBAS,ASV_455,1,1,0,1,0,0,0,0,0,1,0,0,1,0,1,1,0,0,0,0,0,0,0,0,1,1,1,1,0,0,1,0,0,0,0,0,0,1,0,0,0,0,0,0,1,0,0,1,1,0,1,0,0,0,0,0
367,7.87,CARBBAS,ASV_1762,0,0,0,0,1,1,1,1,0,0,0,0,0,1,1,0,0,1,1,0,0,0,0,0,1,1,1,1,0,0,0,0,0,0,0,1,1,1,0,1,1,0,1,0,0,0,0,0,0,0,0,1,0,1,1,1
368,7.9,CARBBAS,ASV_3520,1,1,0,1,0,0,0,0,0,1,0,0,0,0,1,1,0,0,0,0,0,0,0,0,1,1,1,0,0,0,1,1,1,1,1,0,0,1,1,1,0,0,0,0,1,1,1,0,0,0,1,1,0,0,1,0
369,7.9,CARBBAS,ASV_642,1,1,0,1,0,0,0,0,0,1,0,0,0,0,1,1,0,0,0,0,0,0,0,0,0,0,0,1,0,0,1,1,1,1,0,0,1,1,1,0,1,0,1,0,1,1,1,0,0,0,1,1,0,0,0,1
370,7.9,CARBBAS,ASV_2679,0,1,0,1,0,0,1,1,0,0,0,0,1,0,1,0,0,0,0,0,0,0,0,0,1,1,1,1,0,0,1,1,0,0,0,0,1,1,0,0,1,1,0,0,0,0,0,0,0,0,1,0,0,1,1,1
371,7.97,CARBBAS,ASV_855,1,1,0,0,0,0,0,0,0,0,0,0,0,0,1,1,0,0,0,0,0,0,0,0,0,0,0,0,0,0,1,1,0,0,0,0,1,1,0,1,0,0,0,0,1,0,1,0,1,0,1,1,0,0,0,0
372,8,CARBBAS,ASV_843,1,1,0,0,0,0,1,0,0,1,0,0,1,0,1,1,0,0,0,0,0,0,0,0,1,1,1,0,0,0,1,1,1,1,1,0,0,1,1,0,1,0,0,0,1,1,0,0,1,1,0,0,0,0,1,0
373,8,CARBBAS,ASV_1008,0,1,0,1,0,0,1,1,0,0,0,1,0,0,1,1,0,0,1,0,1,1,1,0,1,1,1,1,0,0,1,0,0,0,0,0,1,1,0,1,1,1,0,0,1,1,1,0,0,0,1,0,0,0,1,1
374,8.03,CARBBAS,ASV_369,1,1,0,1,0,0,0,1,0,1,0,0,0,0,1,1,0,0,0,0,0,0,0,0,0,0,0,1,0,1,1,1,0,0,0,0,0,1,0,1,0,1,0,1,0,1,0,0,0,0,1,0,0,0,1,1
375,8.06,CARBBAS,ASV_1153,1,1,0,1,0,0,0,0,0,1,0,0,0,0,1,1,0,0,0,0,0,0,0,0,0,0,0,1,0,0,1,1,1,1,0,0,1,1,1,0,1,0,1,0,1,1,1,0,0,0,1,1,0,0,0,1
376,8.08,CARBBAS,ASV_1692,1,1,0,1,0,0,0,0,0,1,0,0,0,0,1,1,1,0,0,0,0,0,0,0,0,0,0,0,0,0,1,1,0,0,0,0,0,1,0,0,0,0,0,0,1,0,0,0,1,0,0,0,0,0,0,0
377,8.08,CARBBAS,ASV_1825,1,1,0,0,0,0,1,1,0,1,0,0,0,0,1,1,0,0,0,0,0,0,0,0,1,1,1,0,0,0,1,1,0,0,0,0,0,1,0,0,0,0,0,0,1,0,0,0,1,0,0,0,0,0,0,0
378,8.27,CARBBAS,ASV_588,1,1,0,0,0,0,1,0,0,0,0,0,0,0,1,1,0,0,0,0,1,0,1,0,0,0,0,0,0,1,1,1,0,0,1,0,0,1,0,0,0,1,0,0,1,1,0,0,0,0,0,0,0,0,0,0
379,6.65,CARBBAS,ASV_283,1,0,0,0,0,1,0,0,0,0,0,1,0,0,0,0,0,0,0,1,1,1,1,0,0,0,0,1,0,0,1,0,0,0,0,1,0,1,0,1,0,0,0,0,0,1,1,0,0,0,1,0,1,0,1,0
380,7.49,CARBBAS,ASV_1148,1,1,0,0,0,0,0,1,0,1,0,0,1,0,1,1,0,0,1,0,0,0,0,0,1,1,1,1,0,0,1,1,0,0,0,0,0,1,0,1,0,0,0,0,1,0,1,0,0,0,0,0,0,0,0,1
381,7.86,CARBBAS,ASV_124,1,1,0,0,0,0,0,0,0,0,0,0,0,1,1,1,0,0,0,1,0,0,0,0,0,0,0,1,0,0,1,1,0,0,1,0,1,1,0,0,0,0,0,0,0,0,1,0,0,0,0,0,0,0,1,1
382,4.52,CARBBAS,ASV_1821,0,1,0,1,0,0,1,0,0,1,0,1,0,0,1,1,0,0,0,0,1,1,1,1,0,1,1,1,0,0,1,1,0,0,1,1,1,1,0,1,0,0,0,1,0,0,0,0,0,1,1,1,0,1,0,1
383,4.57,CARBBAS,ASV_1330,1,0,0,0,0,0,0,0,0,1,1,0,0,1,0,0,0,0,0,0,0,0,0,0,1,1,1,1,0,0,0,0,0,0,1,1,1,0,0,1,0,0,0,1,0,0,0,0,0,0,0,1,0,1,0,0
384,4.57,CARBBAS,ASV_1021,1,1,0,1,0,1,1,0,0,1,1,0,0,0,1,1,0,0,0,1,0,0,0,0,1,1,1,1,0,0,1,1,1,1,1,0,0,1,1,1,1,0,1,0,1,1,0,1,0,0,1,1,0,1,0,0
385,4.81,CARBBAS,ASV_536,0,0,0,0,0,1,0,1,0,0,0,0,0,0,0,1,0,0,0,0,0,0,0,0,0,0,0,0,0,0,0,0,0,0,0,0,1,1,0,0,0,0,0,0,0,0,0,0,0,0,1,0,0,0,0,0
386,4.89,CARBBAS,ASV_2486,1,1,1,0,0,0,1,0,0,0,0,0,0,1,0,1,0,0,0,1,0,0,0,0,0,0,0,0,0,0,1,1,0,0,1,0,0,1,0,1,0,1,0,0,0,0,0,0,0,0,0,0,0,0,0,0
387,4.9,CARBBAS,ASV_78,1,1,0,0,0,0,0,0,0,0,0,0,1,0,1,1,0,0,0,1,0,0,0,0,0,0,0,0,0,0,1,0,0,0,0,0,0,1,0,1,0,0,1,0,1,1,1,1,0,0,0,0,0,0,0,0
388,4.9,CARBBAS,ASV_811,1,1,0,0,0,0,0,0,0,1,0,0,0,0,1,1,1,0,0,0,0,0,0,0,1,1,1,1,0,0,1,0,0,0,1,0,0,1,0,0,1,0,0,0,1,1,0,0,1,0,0,1,0,0,0,0
389,5.07,CARBBAS,ASV_150,1,0,0,0,0,0,0,0,0,0,0,0,0,0,1,1,0,0,0,0,0,0,0,0,0,0,0,0,0,0,1,1,0,0,0,0,0,1,0,0,0,0,0,0,1,1,1,0,0,0,0,0,0,0,0,1
390,5.11,CARBBAS,ASV_4633,0,0,0,0,0,0,0,0,0,0,0,0,0,0,1,0,0,0,0,0,0,0,0,0,0,0,0,0,0,0,0,0,0,0,0,0,0,0,0,0,0,1,0,0,0,1,0,0,0,0,0,0,0,0,0,0
391,5.2,CARBBAS,ASV_689,1,1,0,1,0,0,0,0,0,0,1,0,1,0,1,1,0,0,1,0,0,0,0,0,1,1,1,1,0,0,1,1,0,0,0,0,1,0,0,0,0,0,0,0,0,0,0,0,0,1,1,0,0,1,0,0
392,5.2,CARBBAS,ASV_3041,0,0,0,0,0,0,1,1,1,0,0,0,0,0,1,0,1,1,0,0,0,0,0,0,1,0,1,1,0,0,0,0,0,0,1,0,0,0,0,1,0,1,0,0,0,0,0,0,0,0,1,0,0,1,0,0
393,5.2,CARBBAS,ASV_852,1,1,0,1,0,0,0,0,0,1,0,0,0,0,1,1,0,0,0,0,0,0,0,0,0,0,0,0,0,0,1,0,1,1,0,0,0,1,1,0,0,1,0,0,1,1,1,1,0,0,1,1,0,1,0,0
394,5.21,CARBBAS,ASV_45,1,1,0,1,0,0,0,0,0,0,0,0,0,0,1,1,0,0,0,0,0,0,0,0,0,0,0,0,0,0,1,0,0,0,0,0,0,1,0,0,0,0,0,0,0,0,1,0,0,0,1,0,0,0,0,0
395,5.21,CARBBAS,ASV_661,0,1,0,1,1,1,0,0,0,0,0,0,0,0,1,1,0,0,0,0,0,0,0,0,0,0,0,0,0,0,0,0,0,0,0,0,1,1,0,0,1,0,0,1,0,0,0,0,0,0,1,0,0,0,0,0
396,5.21,CARBBAS,ASV_57,1,1,0,0,0,0,0,0,0,0,0,0,1,0,1,1,0,0,0,1,0,0,0,0,0,0,0,1,0,0,1,0,0,0,1,0,1,1,0,1,0,1,0,0,0,0,1,1,0,0,1,1,0,0,0,0
397,5.33,CARBBAS,ASV_446,1,0,0,1,0,0,0,0,0,0,0,0,0,1,1,1,0,0,0,1,0,0,0,0,0,0,0,1,0,0,1,1,1,1,1,0,0,1,1,1,0,0,1,0,1,1,0,0,1,0,0,0,0,0,0,0
398,5.61,CARBBAS,ASV_1174,1,1,0,1,0,0,0,0,0,0,0,0,0,0,1,1,0,0,0,0,0,0,0,0,0,0,0,0,0,0,1,0,0,0,0,0,0,1,0,0,0,0,0,0,0,0,1,0,0,0,1,0,0,0,0,0
399,5.97,CARBBAS,ASV_5404,1,1,0,0,0,1,0,1,0,1,1,0,0,1,1,1,0,0,0,1,1,1,1,0,1,1,1,1,1,0,1,1,0,0,1,0,1,1,0,1,1,1,0,0,1,0,0,0,0,0,0,0,1,0,1,1
400,5.99,CARBBAS,ASV_1051,1,1,1,1,0,0,0,0,0,0,0,0,0,0,1,1,0,0,0,1,0,0,0,0,0,0,0,1,0,0,1,1,1,1,1,0,0,1,1,0,0,1,0,0,1,1,0,1,0,0,1,0,0,1,0,0
401,6.08,CARBBAS,ASV_194,0,0,0,1,0,1,0,0,0,0,0,0,0,0,1,1,0,0,0,0,0,0,0,0,0,0,0,0,0,0,0,0,0,0,0,0,0,0,0,0,0,0,0,1,0,0,0,0,0,0,0,0,0,0,0,0
402,6.12,CARBBAS,ASV_1016,0,1,0,0,0,0,1,0,0,0,0,0,0,0,1,1,0,0,0,0,1,0,1,0,1,1,1,1,0,0,1,1,0,0,0,1,0,1,0,1,0,1,1,0,0,1,1,0,1,0,0,0,0,0,0,1
403,6.14,CARBBAS,ASV_107,1,1,0,1,1,0,0,1,0,1,0,0,0,0,1,1,0,0,0,0,0,0,0,0,1,1,1,1,0,0,1,1,0,0,0,0,1,1,0,1,0,1,1,0,0,0,0,0,0,0,0,0,0,0,0,0
404,6.22,CARBBAS,ASV_456,1,1,0,0,0,0,1,0,0,1,1,0,0,0,1,1,0,0,1,1,1,1,1,0,1,1,1,1,0,0,1,0,0,1,0,0,0,1,0,0,0,1,1,0,1,1,0,0,0,0,0,0,0,0,0,0
405,6.32,CARBBAS,ASV_1624,1,1,1,1,1,0,0,0,0,0,1,0,1,0,1,1,0,0,0,1,0,1,0,1,1,1,1,1,0,0,1,0,0,0,1,1,1,1,0,0,1,0,0,1,0,0,0,0,0,1,1,1,0,1,1,1
406,6.39,CARBBAS,ASV_252,1,1,0,0,0,0,0,1,0,0,0,0,0,0,1,1,0,0,0,1,0,0,0,0,0,0,0,0,0,0,1,1,0,0,0,0,0,1,0,0,1,1,0,0,1,1,0,0,1,0,0,1,0,0,0,0
407,6.4,CARBBAS,ASV_1340,0,1,0,0,0,0,1,1,0,0,0,0,0,0,0,1,0,0,0,1,1,1,1,0,0,0,0,0,0,0,1,1,0,0,0,0,0,1,0,0,1,1,0,0,1,0,0,0,1,0,1,0,0,0,0,1
408,6.4,CARBBAS,ASV_1092,0,1,0,0,0,0,0,1,0,1,0,0,1,0,1,1,0,0,1,0,1,1,1,1,1,1,1,1,1,0,1,1,0,0,1,0,0,1,0,1,1,0,1,0,0,0,0,0,0,1,0,0,0,1,1,1
409,6.4,CARBBAS,ASV_1277,1,1,0,1,0,0,1,0,0,1,1,0,0,0,1,1,0,0,0,0,0,0,0,0,1,1,1,1,0,0,1,1,1,1,1,0,0,1,1,0,0,0,1,0,1,1,0,1,0,0,0,0,1,0,0,0
410,6.46,CARBBAS,ASV_1799,1,0,0,1,0,0,0,0,0,0,0,1,0,0,1,1,0,1,0,0,1,1,1,0,0,0,0,1,0,0,1,1,0,0,1,1,1,1,0,1,1,1,0,0,0,0,1,0,0,0,1,0,0,0,1,0
411,6.46,CARBBAS,ASV_1520,1,1,0,1,1,1,1,0,0,0,0,0,0,0,1,1,0,0,0,0,1,1,1,0,0,0,0,0,0,0,0,0,0,0,0,1,0,1,0,0,1,1,0,0,0,0,0,0,0,0,1,0,0,0,1,1
412,6.46,CARBBAS,ASV_183,1,1,1,1,0,0,0,0,0,1,0,0,0,0,1,1,0,0,0,1,0,0,0,0,1,1,1,1,1,0,1,0,0,0,1,0,0,1,0,1,1,0,0,1,1,0,0,0,0,0,0,0,0,1,0,0
413,6.46,CARBBAS,ASV_426,1,1,1,1,1,0,1,0,0,1,0,0,0,0,1,1,0,0,0,0,0,0,0,0,1,1,1,1,1,0,1,0,0,0,0,0,0,1,0,1,1,1,0,0,1,0,0,0,0,0,0,1,0,1,1,0
414,6.49,CARBBAS,ASV_1600,1,1,0,0,0,0,0,0,0,0,1,0,0,0,1,1,0,0,0,0,1,1,1,0,0,0,0,0,0,0,1,0,1,1,0,0,0,1,1,0,0,1,0,0,1,0,0,0,0,0,1,0,0,0,0,0
415,6.49,CARBBAS,ASV_1203,1,1,0,1,0,0,1,1,0,1,1,0,0,0,1,1,0,0,0,0,0,0,0,0,1,1,1,1,0,0,1,1,1,1,0,0,0,1,1,1,0,0,1,0,1,1,0,1,0,0,0,0,1,0,0,0
416,6.5,CARBBAS,ASV_2616,0,1,0,0,0,0,0,0,0,1,0,0,0,0,1,1,0,0,0,1,0,0,0,0,1,1,1,1,0,0,1,1,0,0,0,0,1,1,0,0,0,0,0,0,0,1,0,0,0,0,0,0,0,0,0,0
417,6.51,CARBBAS,ASV_525,1,1,0,0,0,0,1,1,0,1,0,0,0,0,1,1,0,0,0,0,0,0,0,0,0,0,0,1,0,0,1,1,0,0,0,0,0,1,0,1,1,0,0,0,1,1,0,0,0,0,1,0,0,0,1,1
418,6.53,CARBBAS,ASV_27,1,1,0,0,0,0,0,0,0,0,0,0,1,0,1,1,0,0,0,1,0,0,0,0,0,0,0,1,0,0,1,0,0,0,1,0,0,1,0,1,0,1,0,0,1,1,1,1,0,0,1,1,0,0,0,0
419,6.55,CARBBAS,ASV_286,1,1,0,1,0,0,0,0,0,0,0,0,0,0,1,1,0,0,0,0,0,0,0,0,0,0,0,0,1,0,1,0,0,0,0,0,0,1,0,0,0,1,0,0,1,0,0,1,0,0,0,0,0,0,0,0
420,6.55,CARBBAS,ASV_1727,1,1,1,0,0,0,1,0,0,0,1,0,0,0,1,1,0,0,0,1,0,0,0,0,0,0,0,0,0,0,1,0,0,0,0,0,0,1,0,1,1,0,0,0,1,0,1,0,1,0,0,0,0,1,1,0
421,6.58,CARBBAS,ASV_359,1,1,1,1,0,0,0,0,0,0,0,0,0,0,1,1,0,0,0,0,0,0,0,0,1,1,1,0,0,0,1,0,0,0,0,0,0,1,0,1,0,0,0,0,1,0,0,0,0,0,0,0,0,0,0,0
422,6.59,CARBBAS,ASV_144,1,1,1,1,0,0,0,0,0,0,0,0,0,0,1,1,0,0,0,1,0,0,0,0,0,0,0,1,0,0,1,1,1,1,1,0,0,1,1,0,0,1,0,0,1,1,0,1,0,0,1,0,0,1,0,0
423,6.6,CARBBAS,ASV_87,1,0,0,0,1,0,0,0,0,0,1,0,0,1,1,1,0,0,0,0,0,0,0,1,0,0,0,0,0,0,0,1,0,1,1,0,1,1,0,0,0,1,0,0,1,0,1,0,0,0,0,1,0,0,1,1
424,6.62,CARBBAS,ASV_1404,1,1,0,1,0,0,0,0,0,0,0,0,0,0,1,1,0,0,0,0,0,0,0,0,0,0,0,0,0,0,1,0,0,0,0,0,0,1,0,0,0,0,0,0,0,0,1,0,0,0,1,0,0,0,0,0
425,6.65,CARBBAS,ASV_1253,1,1,0,1,0,0,0,0,0,0,0,0,0,0,1,1,0,0,0,0,0,0,0,0,0,0,0,0,0,0,1,0,0,0,0,0,0,1,0,0,0,0,0,0,0,0,1,0,0,0,1,0,0,0,0,0
426,6.65,CARBBAS,ASV_937,1,1,0,1,0,0,0,0,0,1,0,0,0,0,1,0,0,0,1,0,0,0,0,0,1,1,1,1,0,0,1,0,0,0,1,0,0,1,0,0,0,0,0,0,0,0,1,0,0,0,1,0,0,0,0,1
427,6.66,CARBBAS,ASV_475,0,1,0,0,1,0,1,0,0,0,0,0,0,0,1,1,0,0,0,0,1,0,1,0,0,0,0,1,0,0,1,1,0,0,1,0,0,1,0,0,1,1,0,0,1,0,1,0,0,0,0,0,0,0,0,1
428,6.66,CARBBAS,ASV_3610,0,1,0,1,1,0,0,0,1,0,0,0,0,0,1,0,0,1,0,1,1,1,1,0,0,0,0,1,0,0,0,0,0,0,1,1,1,1,0,0,1,0,1,0,0,1,0,0,0,1,1,0,0,0,0,1
429,6.69,CARBBAS,ASV_305,1,1,0,1,0,0,0,1,0,0,0,0,0,0,1,1,0,0,1,0,0,0,0,0,0,0,0,1,0,0,1,1,0,0,0,0,0,1,0,1,0,1,1,0,0,0,0,0,0,0,0,0,0,0,1,0
430,6.74,CARBBAS,ASV_387,1,1,0,0,0,1,0,0,0,0,1,0,0,0,1,1,0,0,0,0,0,0,0,0,0,0,0,1,0,0,1,0,0,0,0,1,0,1,0,1,0,0,0,1,0,0,1,0,0,0,1,0,0,0,1,1
431,6.76,CARBBAS,ASV_486,1,1,0,0,0,0,0,0,0,1,0,0,0,0,1,1,0,0,0,0,0,0,0,0,0,0,0,1,0,0,1,0,0,0,0,0,0,1,0,1,0,0,0,1,1,0,0,0,0,0,0,1,0,0,0,0
432,6.76,CARBBAS,ASV_1725,0,0,0,0,0,1,0,0,0,1,1,0,1,1,1,0,1,0,1,1,0,0,0,0,1,1,1,1,0,0,1,1,0,0,1,0,1,1,0,0,1,1,0,0,0,0,0,0,0,1,1,1,0,0,0,0
433,6.77,CARBBAS,ASV_598,1,1,0,0,0,1,0,0,0,0,0,0,0,0,1,1,0,0,0,1,0,0,0,0,1,1,1,0,0,0,0,0,0,0,0,0,0,1,0,0,0,0,0,0,0,0,1,0,0,0,1,0,0,0,1,0
434,6.77,CARBBAS,ASV_1233,0,0,1,0,0,0,1,1,0,0,0,1,0,1,1,0,0,0,0,1,1,1,1,0,0,0,0,0,0,0,0,0,0,0,0,0,1,0,0,1,0,1,0,0,0,1,0,0,0,0,1,0,0,0,1,0
435,6.78,CARBBAS,ASV_4467,0,0,0,0,0,0,0,0,0,0,0,0,0,0,1,0,0,0,0,0,0,0,0,0,0,0,0,0,0,0,0,0,0,0,0,0,0,0,0,0,0,1,0,0,0,1,0,0,0,0,0,0,0,0,0,0
436,6.78,CARBBAS,ASV_3243,1,1,0,0,0,0,1,0,0,0,0,0,0,0,1,1,0,0,0,0,0,0,0,0,1,1,1,0,0,0,1,1,0,0,0,0,0,1,0,0,0,0,0,0,1,1,0,1,0,0,0,1,0,0,0,0
437,6.78,CARBBAS,ASV_2409,0,1,0,0,0,1,0,0,1,1,0,0,1,1,1,0,0,1,0,1,0,0,0,0,1,1,1,0,0,0,0,1,0,0,0,1,1,1,0,1,1,0,0,0,0,1,0,0,0,1,1,0,0,0,0,1
438,6.8,CARBBAS,ASV_2661,0,1,0,1,0,0,0,0,0,1,0,1,0,1,1,0,0,0,0,1,0,0,0,0,1,0,0,0,0,0,0,0,0,0,0,1,0,1,0,0,0,1,0,0,0,0,0,0,0,0,1,0,0,0,1,0
439,6.82,CARBBAS,ASV_102,1,1,0,1,0,1,0,0,0,0,0,0,0,0,1,1,0,0,0,0,0,0,0,0,0,0,0,0,0,0,1,0,0,0,0,0,0,1,0,0,0,0,0,0,0,0,1,0,0,0,0,0,0,0,0,1
440,6.82,CARBBAS,ASV_3166,1,1,0,0,0,0,1,0,0,0,0,0,0,0,1,1,0,0,0,1,0,0,0,0,0,0,0,0,0,0,1,0,0,0,0,0,1,1,0,0,0,0,0,0,0,0,0,0,0,0,1,0,0,0,0,0
441,6.82,CARBBAS,ASV_1107,0,1,0,1,0,0,0,0,1,0,1,0,0,0,1,0,0,0,0,0,0,0,0,0,0,0,0,1,0,0,0,1,0,0,0,1,0,0,0,1,0,1,1,0,0,0,0,0,0,0,1,0,0,0,1,1
442,6.82,CARBBAS,ASV_1127,1,1,0,0,0,0,0,0,0,0,1,0,0,0,1,1,0,0,0,0,0,0,0,0,1,1,1,1,0,0,1,1,0,0,1,0,1,1,0,1,1,1,1,1,0,0,1,0,0,0,1,0,0,1,1,0
443,6.87,CARBBAS,ASV_573,1,0,0,0,0,0,0,0,0,0,0,1,0,0,1,1,0,0,0,0,0,0,0,0,1,1,1,1,0,0,1,0,0,0,0,0,1,1,0,0,1,0,1,0,0,1,0,0,0,0,0,0,0,0,0,0
444,6.88,CARBBAS,ASV_4992,0,1,0,0,0,0,0,0,0,0,0,0,0,0,1,0,0,0,0,0,0,0,0,0,0,0,0,0,0,0,0,0,0,0,0,0,1,0,0,0,0,0,0,0,0,0,0,0,0,0,0,0,0,0,0,0
445,6.88,CARBBAS,ASV_3012,0,1,0,1,0,0,1,0,0,1,0,0,0,0,0,0,0,1,1,0,1,1,1,0,1,1,1,0,0,0,0,0,0,0,0,0,1,1,0,1,1,1,0,0,0,0,0,0,0,0,1,0,0,0,0,1
446,6.91,CARBBAS,ASV_5,1,1,0,0,0,0,0,0,0,0,0,0,0,0,1,1,0,0,0,0,0,0,0,0,0,0,0,0,0,0,1,0,0,0,0,0,0,1,0,0,0,0,0,0,0,0,1,1,0,0,0,0,0,0,0,1
447,6.91,CARBBAS,ASV_806,1,1,0,0,0,0,0,0,0,0,0,0,0,1,1,1,0,0,0,0,0,0,0,0,0,0,0,1,0,0,1,1,0,0,1,0,1,1,0,0,0,0,0,0,0,0,1,0,0,0,0,0,0,0,1,1
448,6.91,CARBBAS,ASV_1187,1,1,0,0,0,0,0,0,0,1,0,0,0,0,1,1,0,0,0,0,0,0,0,0,1,1,1,1,0,0,1,0,0,0,1,0,1,1,0,0,0,0,0,0,1,1,0,1,1,0,1,0,0,0,1,1
449,6.91,CARBBAS,ASV_587,1,1,0,1,1,0,0,0,0,0,0,0,0,0,1,1,0,0,1,0,0,0,0,0,1,0,0,1,0,0,1,1,0,0,0,0,1,1,0,1,1,0,1,1,1,1,0,0,0,0,1,0,0,1,0,0
450,7,CARBBAS,ASV_818,1,0,0,0,0,0,0,0,0,0,0,0,0,1,1,1,0,0,0,0,0,0,0,0,0,0,0,0,0,0,1,0,0,0,0,0,0,1,0,0,0,0,0,0,0,0,1,0,0,0,0,0,0,0,1,0
451,7.02,CARBBAS,ASV_52,1,1,0,0,0,0,0,0,0,0,0,0,0,0,1,1,0,0,0,0,0,0,0,0,0,0,0,0,0,0,1,0,0,0,0,0,0,1,0,0,0,0,0,0,0,0,1,1,0,0,0,0,0,0,0,1
452,7.02,CARBBAS,ASV_219,1,1,0,0,0,0,1,0,0,0,0,0,0,0,1,0,0,0,0,0,0,0,0,0,0,0,0,0,1,0,1,0,0,0,0,0,0,1,0,0,0,0,1,0,1,0,0,0,1,0,0,0,0,0,0,0
453,7.02,CARBBAS,ASV_314,1,1,0,0,0,0,1,0,0,1,0,0,0,0,1,1,0,0,0,0,0,0,0,0,1,1,1,1,0,0,1,0,0,0,0,0,1,1,0,1,1,0,0,0,1,1,0,1,0,0,0,0,0,0,0,0
454,7.05,CARBBAS,ASV_453,1,0,0,0,0,0,0,0,0,0,0,0,0,1,0,1,0,0,0,0,0,0,0,0,0,0,0,0,0,0,0,0,0,0,1,0,0,1,0,0,0,0,0,0,0,0,0,0,0,0,0,0,0,0,1,0
455,7.06,CARBBAS,ASV_775,1,1,0,1,0,0,0,0,0,1,0,0,0,0,1,1,0,0,0,0,0,0,0,0,1,1,1,1,1,0,1,0,0,0,0,0,0,1,0,0,1,1,0,0,1,0,0,1,1,0,0,0,0,0,1,0
456,7.08,CARBBAS,ASV_1820,1,0,0,0,0,0,0,0,0,0,0,0,0,0,1,0,0,0,0,0,1,0,0,0,0,0,0,1,0,0,1,0,0,0,0,0,1,1,0,1,0,0,0,0,0,0,1,0,0,0,0,0,0,0,1,0
457,7.1,CARBBAS,ASV_259,1,1,0,0,0,0,1,0,0,0,0,0,0,0,1,1,0,0,0,0,0,0,0,0,0,0,0,0,0,0,0,0,0,0,0,0,0,1,0,0,0,0,0,0,0,0,1,0,0,0,1,0,0,0,0,0
458,7.1,CARBBAS,ASV_610,1,1,0,0,0,0,1,0,0,0,0,1,0,0,1,1,0,0,0,0,0,0,0,0,0,0,0,1,0,0,1,1,0,0,0,0,1,1,0,0,1,0,1,0,0,0,1,0,0,0,1,0,0,0,1,0
459,7.12,CARBBAS,ASV_424,1,1,0,1,0,0,1,0,0,1,0,0,1,0,1,1,0,0,0,1,1,1,1,0,0,0,0,1,0,0,1,0,1,1,0,0,0,1,1,0,0,1,0,0,1,1,1,1,0,0,1,1,0,0,1,0
460,7.13,CARBBAS,ASV_420,1,0,0,1,1,0,0,0,0,0,0,1,0,0,1,0,0,0,0,0,1,0,1,0,1,1,1,1,0,0,1,1,0,0,1,1,0,1,0,1,1,1,0,0,0,0,0,0,0,0,1,1,0,1,0,1
461,7.17,CARBBAS,ASV_2883,0,1,0,0,0,0,0,0,0,0,0,0,0,0,1,1,0,0,0,0,0,0,0,0,0,0,0,0,0,0,0,0,0,0,0,0,0,0,0,0,0,0,0,0,0,0,1,0,0,0,0,0,0,0,0,0
462,7.17,CARBBAS,ASV_173,1,1,0,1,0,0,0,1,0,0,0,0,0,0,1,1,0,0,0,0,0,0,0,1,0,0,0,0,0,1,1,1,0,0,1,0,0,1,0,1,0,0,0,0,0,0,0,0,0,0,0,0,0,0,1,0
463,7.18,CARBBAS,ASV_3389,1,1,0,0,0,0,1,0,0,1,0,0,0,0,1,1,1,0,0,0,0,0,0,0,0,0,0,1,0,0,1,1,0,0,1,0,0,1,0,0,1,0,1,0,1,1,0,0,1,0,0,1,0,0,0,0
464,7.18,CARBBAS,ASV_4069,1,1,0,1,0,1,1,0,0,1,0,1,0,0,1,0,0,0,0,0,0,0,0,0,1,0,1,1,0,0,0,1,1,0,1,0,1,0,0,1,1,0,1,0,0,1,0,1,0,0,1,0,0,1,1,1
465,7.21,CARBBAS,ASV_4759,0,0,0,0,0,0,0,0,0,0,0,0,0,0,1,0,0,0,0,0,0,0,0,0,0,0,0,0,0,0,0,0,0,0,0,0,0,0,0,0,0,1,0,0,0,1,0,0,0,0,0,0,0,0,0,0
466,7.24,CARBBAS,ASV_3684,1,0,0,0,0,0,0,0,0,0,0,0,0,0,0,0,0,0,0,0,0,0,0,0,1,1,1,0,0,0,0,1,0,0,0,0,0,1,0,1,0,0,0,0,0,1,0,0,0,0,1,0,0,0,0,0
467,7.27,CARBBAS,ASV_440,1,1,0,0,0,0,1,0,0,1,0,0,0,0,1,1,0,0,0,1,1,1,1,0,1,1,1,1,0,0,1,1,0,0,0,0,0,1,0,0,1,1,0,0,1,0,0,1,0,0,1,1,0,0,0,0
468,7.33,CARBBAS,ASV_3132,1,1,0,1,0,0,1,0,0,1,0,1,0,0,1,1,0,0,0,1,0,0,0,0,0,0,0,0,0,0,1,1,0,0,1,1,0,1,0,1,0,1,1,0,1,0,0,0,0,0,1,0,0,0,0,1
469,7.35,CARBBAS,ASV_614,1,1,0,0,0,0,0,0,0,0,0,0,0,0,1,1,0,0,0,0,0,0,0,0,0,0,0,0,0,0,1,0,0,0,0,0,0,1,0,0,0,0,0,0,0,0,0,0,0,0,0,0,0,0,0,0
470,7.38,CARBBAS,ASV_1231,1,1,0,0,0,0,1,0,0,0,1,0,0,0,1,1,0,0,0,0,1,1,1,0,1,1,1,0,0,0,1,0,0,0,0,0,0,1,0,0,0,1,0,0,1,0,0,0,0,0,1,0,0,0,0,0
471,7.4,CARBBAS,ASV_458,0,1,0,1,0,0,0,0,0,1,0,1,0,0,1,1,1,0,0,0,1,1,1,0,0,0,0,1,0,0,1,1,0,0,0,1,1,1,0,1,1,1,0,0,0,0,1,0,0,0,1,0,0,1,0,1
472,7.4,CARBBAS,ASV_1159,1,1,0,0,0,0,1,0,0,1,0,0,0,0,1,1,0,0,0,0,0,0,0,0,1,1,1,0,0,0,1,0,1,1,0,0,1,1,1,1,1,0,1,0,1,1,0,1,0,0,0,1,0,1,0,0
473,7.42,CARBBAS,ASV_231,1,1,1,0,0,0,0,0,0,0,1,0,0,0,1,1,0,0,1,1,0,0,0,1,0,0,0,1,0,0,1,0,0,0,0,1,1,1,0,1,1,1,0,0,1,0,1,0,0,0,1,0,0,0,0,0
474,7.43,CARBBAS,ASV_886,1,1,0,0,0,0,0,1,0,0,0,0,0,0,1,1,0,1,0,0,0,0,0,0,0,0,0,1,0,0,1,1,0,0,0,1,0,0,0,1,0,1,0,0,0,0,1,0,0,0,0,0,0,0,0,0
475,7.45,CARBBAS,ASV_6788,1,1,0,0,0,0,0,0,0,0,0,0,0,0,1,0,0,1,0,0,0,0,0,0,0,0,0,0,0,0,1,0,0,0,0,0,0,1,0,0,1,1,0,0,0,0,0,0,0,0,0,0,0,0,0,1
476,7.45,CARBBAS,ASV_237,1,1,0,0,0,0,1,1,0,0,0,0,0,0,1,1,0,1,0,0,0,0,0,0,0,0,0,0,0,0,1,1,0,0,0,0,0,1,0,0,0,0,0,0,0,0,1,0,0,0,1,0,0,0,0,0
477,7.45,CARBBAS,ASV_512,1,0,0,0,0,0,0,0,0,0,0,0,0,0,1,1,0,0,0,0,0,0,0,0,0,0,0,1,0,0,1,0,0,0,0,0,1,1,0,0,1,0,0,0,0,0,1,0,0,0,0,0,0,0,1,1
478,7.45,CARBBAS,ASV_3045,0,1,0,0,0,0,1,1,0,0,0,0,1,0,1,1,0,1,0,0,0,0,0,0,0,0,0,0,0,0,1,0,0,0,0,0,0,0,0,1,0,0,0,0,0,0,0,0,0,0,1,0,0,0,0,0
479,7.45,CARBBAS,ASV_3333,0,1,0,1,0,0,0,0,0,1,0,0,0,0,1,1,0,0,0,0,0,0,0,0,0,0,1,1,0,0,0,1,0,0,0,1,1,0,0,0,1,0,0,0,0,0,0,0,0,0,0,0,0,0,1,0
480,7.46,CARBBAS,ASV_15,1,1,0,0,0,0,0,0,0,0,0,0,0,0,1,1,0,0,0,0,0,0,0,0,0,0,0,0,0,0,1,0,0,0,0,0,0,1,0,0,0,0,0,0,0,0,0,0,0,0,0,0,0,0,0,1
481,7.46,CARBBAS,ASV_210,0,1,0,0,0,0,0,0,0,0,0,0,0,0,1,1,0,0,0,0,0,0,0,0,0,0,1,0,0,0,0,0,0,0,0,0,1,1,0,0,1,0,0,0,0,1,0,0,0,0,1,0,0,0,0,0
482,7.5,CARBBAS,ASV_302,1,1,0,0,0,0,0,0,0,0,0,0,1,0,1,1,0,0,0,1,0,0,0,0,0,0,0,0,0,0,1,0,1,1,0,0,0,1,1,0,0,0,0,0,1,0,1,1,0,0,0,0,0,0,0,1
483,7.5,CARBBAS,ASV_275,1,1,0,1,0,0,0,1,1,0,0,0,0,0,1,1,0,0,0,0,0,0,0,0,0,0,0,1,0,1,1,1,0,0,0,0,0,1,0,1,1,1,0,0,1,0,1,0,0,0,0,0,0,0,0,0
484,7.5,CARBBAS,ASV_914,1,1,1,1,0,0,0,0,0,0,0,0,0,0,1,1,0,0,0,1,0,0,0,0,0,0,0,1,0,0,1,1,1,1,1,0,0,1,1,0,0,1,0,0,1,1,0,1,0,0,1,0,0,1,0,0
485,7.51,CARBBAS,ASV_350,0,1,0,1,0,0,0,0,0,0,0,0,0,0,1,1,0,0,0,0,0,0,0,0,0,0,0,0,0,0,0,0,0,0,0,0,1,1,0,0,0,0,0,0,0,0,0,0,0,0,0,0,0,0,0,0
486,7.51,CARBBAS,ASV_583,1,1,0,0,0,0,1,1,0,1,0,0,0,0,1,1,0,0,0,0,0,0,0,0,0,0,0,1,0,0,1,1,0,0,0,0,0,1,0,1,1,0,0,0,1,1,0,0,0,0,1,0,0,0,1,1
487,7.56,CARBBAS,ASV_34,1,1,0,0,0,0,0,0,0,0,0,0,0,0,1,1,0,0,0,0,0,0,0,0,0,0,0,0,0,0,1,0,0,0,0,0,0,1,0,0,0,0,0,0,0,0,0,0,0,0,0,0,0,0,0,1
488,7.56,CARBBAS,ASV_4625,0,1,0,0,0,0,0,0,0,0,0,0,0,0,0,0,0,0,0,0,0,0,0,0,0,0,0,0,0,0,0,0,0,0,0,0,1,1,0,0,0,1,0,0,0,0,0,0,0,0,0,0,0,0,0,0
489,7.56,CARBBAS,ASV_2467,0,1,0,0,0,0,1,0,0,0,0,0,0,0,1,1,0,0,1,0,0,0,0,0,0,0,0,0,0,0,1,1,0,0,0,0,0,0,0,0,0,1,0,0,0,0,0,0,0,0,1,0,0,0,0,0
490,7.56,CARBBAS,ASV_44,1,1,0,0,0,0,0,0,0,0,0,0,1,0,1,1,0,0,0,1,0,0,0,0,0,0,0,0,0,0,1,0,0,0,0,0,0,1,0,1,0,0,1,0,1,1,1,1,0,0,0,0,0,0,0,0
491,7.56,CARBBAS,ASV_2293,1,1,0,1,1,0,0,1,0,0,0,0,0,0,1,1,0,0,0,1,0,0,0,0,0,0,0,0,0,0,1,0,0,0,0,1,0,1,0,1,0,1,0,0,0,0,1,0,0,0,0,0,0,0,1,0
492,7.56,CARBBAS,ASV_2170,1,1,0,1,0,0,1,0,0,0,0,0,0,0,1,1,0,0,0,1,0,0,0,0,0,0,0,1,0,0,1,1,0,1,0,1,1,1,1,0,0,0,1,0,1,1,0,1,0,0,1,0,0,0,1,1
493,7.6,CARBBAS,ASV_1043,1,1,0,0,0,0,1,0,0,0,0,0,0,0,1,1,0,0,0,0,0,0,0,0,0,0,0,1,0,0,1,1,0,0,0,0,0,0,0,1,0,0,0,0,0,0,1,0,1,0,0,0,0,0,0,0
494,7.63,CARBBAS,ASV_6616,1,1,0,0,0,0,0,1,0,0,0,0,0,0,1,1,0,1,1,0,1,0,0,0,0,0,0,0,0,0,1,1,0,0,0,0,1,0,0,0,0,0,0,0,0,0,0,0,0,0,0,0,0,0,1,0
495,7.65,CARBBAS,ASV_75,1,1,0,0,0,0,0,0,0,0,0,0,0,0,1,1,0,0,0,0,0,0,0,0,0,0,0,0,0,0,1,0,0,0,0,0,0,1,0,0,0,0,0,0,0,0,0,0,0,0,0,0,0,0,0,0
496,7.65,CARBBAS,ASV_3295,1,1,1,0,0,0,1,0,0,1,0,0,0,0,1,1,0,0,0,1,0,0,0,0,1,1,1,0,0,1,1,0,0,1,1,0,0,1,0,0,0,1,0,0,1,1,0,0,0,0,0,0,0,1,0,0
497,7.65,CARBBAS,ASV_2189,1,1,0,0,0,0,1,0,0,0,0,0,0,0,1,1,0,0,0,0,1,1,1,0,1,1,1,0,0,0,1,1,0,0,0,0,0,1,0,0,0,0,0,0,1,1,0,1,1,0,0,0,0,0,1,0
498,7.66,CARBBAS,ASV_2157,1,1,0,0,0,1,0,0,0,0,0,0,0,0,1,1,0,0,0,1,0,0,0,0,0,0,0,0,0,0,1,0,0,0,0,0,1,1,0,0,0,0,0,0,0,0,1,0,0,0,1,0,0,0,0,1
499,7.71,CARBBAS,ASV_862,1,0,0,0,0,0,1,0,0,0,1,0,0,1,1,1,0,0,0,0,1,0,1,0,0,0,0,1,0,0,1,1,0,0,1,1,1,1,0,1,1,0,0,0,1,1,1,0,0,0,1,0,0,0,1,0
500,7.72,CARBBAS,ASV_459,0,0,0,0,0,0,0,0,0,0,0,0,0,0,1,0,0,0,0,0,0,0,0,0,0,0,0,0,0,0,0,0,0,0,0,0,0,0,0,0,0,1,0,0,0,1,0,0,0,0,0,0,0,0,0,0
501,7.72,CARBBAS,ASV_441,1,1,0,0,0,0,1,1,0,0,0,0,0,0,1,1,0,1,0,0,0,0,0,0,0,0,0,1,0,0,1,1,0,0,0,0,0,0,0,0,0,0,0,0,1,0,1,0,0,0,0,0,0,0,0,0
502,7.72,CARBBAS,ASV_3621,1,1,0,0,0,0,0,0,0,0,0,0,0,0,1,1,0,0,0,1,0,0,0,0,0,0,0,0,0,0,1,1,0,0,1,0,0,1,0,1,1,0,0,0,1,1,0,0,0,0,0,0,0,0,1,0
503,7.72,CARBBAS,ASV_827,1,1,0,0,0,0,0,0,0,1,0,0,1,0,1,1,0,0,1,0,0,0,0,0,1,1,1,1,0,0,1,0,0,0,0,0,0,1,0,0,0,0,0,0,1,1,0,1,0,0,1,1,0,1,0,0
504,7.73,CARBBAS,ASV_1909,1,0,0,1,0,1,1,0,0,0,0,1,0,0,1,1,1,0,0,0,1,0,1,0,0,1,0,1,0,0,1,1,1,1,1,1,1,1,1,1,1,0,0,0,0,0,1,0,0,0,1,1,0,0,0,1
505,7.74,CARBBAS,ASV_143,1,0,0,0,0,0,0,0,0,1,0,0,0,0,1,1,0,0,0,1,1,1,1,0,1,1,1,0,0,1,1,1,1,0,1,0,0,1,1,0,0,1,0,0,1,1,0,0,0,0,0,1,0,0,1,0
506,7.76,CARBBAS,ASV_1200,0,1,0,1,0,0,0,1,0,0,0,0,0,0,1,1,0,0,0,0,0,0,0,0,0,0,0,0,0,0,1,1,0,0,0,0,0,0,0,0,0,1,0,0,0,0,1,0,0,0,1,0,0,0,0,0
507,7.77,CARBBAS,ASV_1068,0,0,1,0,0,0,0,1,0,0,0,0,0,0,0,1,0,0,0,0,0,0,0,0,0,0,0,0,0,0,0,0,0,0,0,0,0,1,0,0,0,0,0,1,0,1,0,0,0,0,1,0,0,0,0,1
508,7.8,CARBBAS,ASV_33,1,1,0,0,0,0,0,0,0,0,0,0,0,0,1,1,0,0,0,0,0,0,0,0,0,0,0,0,0,0,1,0,0,0,0,0,0,1,0,0,0,0,0,0,0,0,0,1,0,0,0,0,0,0,0,1
509,7.84,CARBBAS,ASV_135,1,0,0,0,0,0,1,0,0,0,0,0,0,1,1,1,0,0,0,0,0,0,0,0,0,0,0,0,0,0,1,0,0,0,0,0,0,1,0,0,0,0,0,0,0,0,1,0,0,0,1,0,0,0,1,0
510,7.86,CARBBAS,ASV_2,1,1,0,0,0,0,0,0,0,0,0,0,0,0,1,1,0,0,0,0,0,0,0,0,0,0,0,0,0,0,1,0,0,0,0,0,0,1,0,0,0,0,0,0,0,0,0,0,0,0,0,0,0,0,0,1
511,7.86,CARBBAS,ASV_521,1,1,0,0,0,0,0,0,0,0,0,0,0,0,1,1,0,0,0,0,0,0,0,0,0,0,0,0,0,0,1,0,0,0,0,0,0,1,0,0,0,0,0,0,0,0,0,0,0,0,0,0,0,0,0,0
512,7.86,CARBBAS,ASV_17,1,1,0,1,0,0,0,0,0,0,0,0,0,0,1,1,0,0,0,0,0,0,0,0,0,0,0,0,0,0,1,0,0,0,0,0,0,1,0,0,0,0,0,0,0,0,0,1,0,0,1,0,0,0,0,0
513,7.86,CARBBAS,ASV_478,0,1,0,0,0,0,0,0,0,0,0,0,0,0,1,1,0,0,0,0,0,0,0,0,0,0,0,0,0,0,0,0,0,0,0,0,0,1,0,0,0,0,0,0,0,1,0,0,0,0,1,0,0,0,0,0
514,7.86,CARBBAS,ASV_482,1,1,0,0,0,0,1,1,0,0,0,0,0,0,1,1,0,1,0,0,0,0,0,0,0,0,0,1,0,0,1,1,0,0,0,0,0,0,0,0,0,0,0,0,0,0,1,0,0,0,0,0,0,0,0,0
515,7.86,CARBBAS,ASV_510,1,1,0,0,0,0,1,0,0,0,0,0,0,1,1,1,0,0,0,1,0,0,0,0,0,0,0,0,0,0,1,1,0,0,1,0,1,1,0,1,0,0,0,1,0,0,1,0,0,0,0,0,0,0,1,1
516,7.88,CARBBAS,ASV_703,1,1,0,0,0,0,0,1,0,0,0,0,0,0,1,1,1,0,0,0,0,0,0,0,0,0,0,0,0,0,1,1,0,0,0,0,0,1,0,1,0,0,0,0,0,0,0,0,0,0,0,0,0,0,0,0
517,7.9,CARBBAS,ASV_427,1,1,0,1,0,0,0,0,0,0,0,0,0,0,1,1,0,0,0,0,0,0,0,1,0,0,0,1,0,1,1,1,0,0,0,0,0,1,0,1,0,1,0,0,1,0,0,0,0,0,0,0,0,0,1,1
518,7.93,CARBBAS,ASV_227,1,1,0,0,0,0,1,0,0,0,0,0,0,0,1,1,0,0,0,0,0,0,0,0,0,0,0,0,0,0,1,0,0,0,0,0,0,1,0,0,0,0,0,0,0,0,0,0,0,0,0,0,0,0,0,1
519,7.99,CARBBAS,ASV_637,1,1,0,0,0,0,0,0,0,0,0,0,0,0,1,1,0,0,0,0,0,0,0,0,0,0,0,0,0,0,1,0,1,0,0,0,0,1,1,0,0,1,0,0,1,1,0,0,0,0,0,1,0,0,0,0
520,7.99,CARBBAS,ASV_1741,1,1,0,0,0,0,1,0,0,0,0,0,0,1,1,1,0,0,0,1,0,0,0,0,0,0,0,1,0,0,1,1,0,0,1,0,1,1,0,0,1,0,0,0,0,0,1,0,0,0,0,0,0,0,1,1
521,7.99,CARBBAS,ASV_25,1,1,0,0,0,0,1,0,0,1,0,0,1,0,1,1,0,0,0,1,0,0,0,0,0,0,0,0,0,0,1,0,0,0,0,0,0,1,0,0,0,1,0,0,1,1,1,1,0,0,1,0,0,0,0,0
522,8,CARBBAS,ASV_932,1,1,0,0,0,0,0,0,0,0,0,0,0,0,1,1,0,0,0,0,0,0,0,0,0,0,0,0,0,0,1,0,0,0,0,0,0,1,0,1,0,0,0,0,1,0,1,1,0,0,0,0,0,0,0,0
523,8,CARBBAS,ASV_131,1,1,0,0,0,0,0,0,0,0,0,0,0,0,1,1,0,0,0,0,0,0,0,0,0,0,0,0,0,0,1,0,0,0,0,0,0,1,0,0,0,0,0,0,1,0,0,1,0,0,1,0,1,0,0,0
524,8,CARBBAS,ASV_983,1,1,1,0,0,0,0,0,0,1,0,0,0,0,1,1,0,0,0,0,0,0,0,0,1,1,1,0,1,0,1,0,1,1,0,0,0,1,1,0,0,0,1,0,1,1,0,1,1,0,1,1,0,0,1,1
525,8.08,CARBBAS,ASV_6411,0,1,0,0,0,0,0,0,0,0,0,0,0,0,1,0,0,0,0,0,0,0,0,0,0,0,0,0,0,0,0,1,0,0,0,0,0,0,0,0,0,0,0,0,0,0,0,0,0,0,0,0,0,0,0,0
526,8.08,CARBBAS,ASV_973,1,0,0,0,0,0,1,0,0,0,1,0,0,1,1,1,0,0,0,0,1,0,1,0,0,0,0,1,0,0,1,1,0,0,1,0,1,1,0,0,1,0,1,0,1,1,1,0,0,0,1,0,0,0,1,0
527,8.18,CARBBAS,ASV_308,1,1,0,0,0,0,0,0,0,0,0,0,0,1,1,1,0,0,0,0,0,0,0,0,0,0,0,1,0,0,1,1,0,0,1,0,1,1,0,0,0,0,0,0,0,0,1,0,0,0,0,0,0,0,1,1
528,4.69,CARBBAS,ASV_2880,0,1,0,0,0,0,0,0,0,1,0,0,0,0,1,0,0,1,0,0,0,0,0,0,1,1,1,0,0,0,0,1,0,0,1,0,1,0,0,0,0,1,0,0,0,0,0,0,0,0,1,0,0,1,0,0
529,5.81,CARBBAS,ASV_846,0,1,1,0,0,0,0,0,0,1,0,0,0,0,1,1,0,0,0,0,0,0,0,0,1,1,1,1,0,0,1,1,0,0,0,0,1,1,0,0,0,0,0,0,1,1,0,0,0,0,0,0,0,0,0,0
530,7,CARBBAS,ASV_556,0,1,0,0,0,0,0,0,0,0,0,0,0,0,1,1,0,0,0,0,0,0,0,0,0,0,0,0,0,0,1,0,0,0,0,0,0,1,0,0,0,0,0,0,0,1,0,0,0,0,1,0,0,0,1,1
531,7.79,CARBBAS,ASV_318,1,0,0,0,0,0,0,0,0,0,0,0,0,1,1,1,0,0,0,0,0,0,0,0,0,0,0,0,0,0,0,0,0,0,0,0,0,1,0,0,0,0,0,0,0,0,1,0,0,0,1,0,0,0,1,1
532,7.72,CARBBAS,ASV_4931,0,1,0,0,0,0,0,0,0,0,0,0,0,0,1,1,0,0,0,0,0,0,0,0,0,0,0,0,0,0,1,0,0,0,0,0,0,0,0,0,0,0,0,0,0,1,0,0,0,0,0,0,0,0,0,0
533,4.03,ROMAINE,ASV_1016,0,1,1,1,1,1,1,1,0,1,1,1,1,1,1,0,0,1,1,1,1,1,1,1,1,1,1,1,1,0,0,0,0,0,1,1,1,1,0,1,1,1,1,1,0,0,0,0,0,1,1,1,0,1,1,1
534,4.25,ROMAINE,ASV_770,0,0,0,1,0,0,0,1,0,0,0,1,0,0,0,0,0,0,0,1,1,1,1,0,0,0,0,0,0,0,0,1,1,1,0,0,0,1,1,1,0,1,0,0,0,1,0,1,0,0,1,0,0,0,1,0
535,4.44,ROMAINE,ASV_821,0,0,0,1,1,1,1,0,0,1,0,1,0,0,1,1,0,0,0,0,1,1,1,1,1,1,1,1,1,0,1,0,0,0,1,1,1,1,0,1,1,0,0,1,0,0,0,0,0,1,1,1,0,1,1,1
536,4.56,ROMAINE,ASV_258,0,0,0,1,1,1,1,1,1,1,0,0,1,1,1,0,0,1,1,0,0,0,0,1,1,1,1,1,0,0,0,0,0,0,1,1,1,0,0,1,1,0,1,1,0,0,0,0,1,1,1,1,0,1,1,1
537,4.63,ROMAINE,ASV_1041,0,1,0,0,0,0,0,1,0,1,0,0,1,0,1,1,0,0,1,0,0,0,0,0,0,1,1,1,0,0,0,1,0,0,0,0,1,1,0,0,1,1,0,1,0,0,0,0,0,1,1,0,0,1,1,0
538,4.63,ROMAINE,ASV_767,1,1,0,1,0,0,0,0,0,1,0,0,0,0,1,0,0,0,0,0,1,0,0,0,1,1,1,0,0,0,1,1,0,0,1,0,0,0,0,0,0,0,0,0,1,1,0,1,0,0,0,0,0,0,1,0
539,4.63,ROMAINE,ASV_124,1,1,1,0,0,0,0,0,0,1,1,0,0,0,1,0,1,0,0,1,1,1,1,0,1,1,1,1,1,0,1,0,0,0,1,1,1,1,0,1,1,1,1,0,1,0,0,0,0,1,1,1,0,1,1,0
540,4.73,ROMAINE,ASV_836,0,1,0,0,0,0,0,1,0,1,1,0,0,0,1,0,0,0,1,0,0,0,0,0,1,1,1,1,0,0,1,1,0,0,1,1,0,0,0,1,1,1,1,0,0,0,1,0,0,1,1,0,0,1,1,1
541,4.8,ROMAINE,ASV_3422,1,1,0,0,0,0,0,0,0,1,0,0,0,0,1,1,0,0,0,0,0,0,0,0,0,0,0,0,0,0,1,0,0,0,0,0,0,1,0,0,0,0,0,0,0,0,0,0,0,0,0,1,0,0,0,0
542,4.8,ROMAINE,ASV_267,1,1,1,0,0,0,0,0,0,1,1,0,0,0,1,0,0,0,0,1,0,0,0,0,1,0,0,0,0,0,1,0,0,0,1,0,1,1,0,1,0,0,0,0,0,1,0,0,0,0,1,0,0,1,1,1
543,4.8,ROMAINE,ASV_1148,0,0,1,1,1,1,0,1,0,1,0,1,1,1,0,0,0,1,1,1,1,1,1,1,1,1,1,1,0,0,0,0,0,0,1,1,1,1,0,1,1,0,0,1,0,1,0,0,0,1,1,1,0,1,1,1
544,5,ROMAINE,ASV_648,1,0,0,0,0,0,0,0,0,1,1,0,0,1,0,0,0,0,0,0,0,0,0,0,1,1,1,1,0,0,0,0,0,0,1,1,1,0,0,1,0,0,0,1,0,0,0,0,0,0,0,1,0,1,0,0
545,5,ROMAINE,ASV_1085,1,0,1,1,1,0,0,1,0,1,1,0,0,0,1,0,0,0,1,0,1,1,1,0,1,1,1,0,0,0,1,1,0,0,1,1,1,1,0,0,0,0,0,0,0,1,0,1,0,0,1,0,0,0,0,0
546,5.05,ROMAINE,ASV_3497,1,1,1,0,0,0,1,0,0,0,0,0,0,1,0,1,0,0,0,1,0,0,0,0,0,0,0,0,0,0,1,1,0,0,1,0,0,1,0,1,0,1,0,0,0,0,0,0,0,0,0,0,0,0,0,0
547,5.05,ROMAINE,ASV_1120,0,0,0,1,0,1,0,1,0,1,1,1,0,1,0,0,0,1,1,1,1,0,1,0,1,1,1,1,0,0,0,0,0,0,1,0,0,1,0,1,1,0,0,1,0,0,0,0,0,0,1,1,0,0,0,0
548,5.05,ROMAINE,ASV_471,0,0,0,1,1,1,1,0,0,1,0,1,0,0,1,1,0,0,0,0,1,1,1,1,1,1,1,1,1,0,1,0,0,0,1,1,1,1,0,1,1,0,0,1,0,0,0,0,0,1,1,1,0,1,1,1
549,5.05,ROMAINE,ASV_971,1,1,0,1,0,1,1,0,0,1,1,0,0,0,1,1,0,0,0,1,0,0,0,0,1,1,1,1,0,0,1,1,1,1,1,0,0,1,1,1,1,1,1,0,1,1,0,1,0,0,1,0,0,1,0,0
550,5.1,ROMAINE,ASV_3273,1,1,0,1,1,0,0,1,0,1,0,0,0,0,1,1,0,0,0,0,0,0,0,0,1,1,1,1,0,0,1,1,0,0,0,0,1,1,0,1,0,1,1,0,0,0,0,0,0,0,0,0,0,0,0,0
551,5.11,ROMAINE,ASV_968,1,1,0,0,0,0,1,0,0,1,0,1,0,0,1,0,0,0,0,0,0,0,0,0,1,1,1,1,0,0,1,1,0,0,1,1,0,1,0,1,0,0,0,0,0,1,0,0,0,0,0,0,0,0,0,1
552,5.2,ROMAINE,ASV_1479,1,1,0,0,0,0,1,0,0,1,0,0,0,0,1,1,0,0,0,1,0,0,0,1,1,1,1,1,0,0,1,1,0,0,1,0,1,1,0,1,0,0,0,0,1,1,0,0,1,0,0,0,0,0,0,0
553,5.23,ROMAINE,ASV_1940,0,0,0,0,0,0,0,0,0,0,0,0,0,0,0,0,0,0,0,0,0,0,0,0,0,0,0,0,0,0,0,0,0,0,0,0,1,0,0,0,0,1,0,0,0,0,0,0,0,0,1,0,0,0,0,0
554,5.23,ROMAINE,ASV_560,1,1,1,1,0,0,1,0,0,1,0,0,0,0,1,1,0,0,0,0,0,0,0,1,1,1,1,1,0,0,1,1,0,0,1,0,1,0,0,1,1,1,1,1,1,1,0,0,0,1,1,1,0,1,0,1
555,5.42,ROMAINE,ASV_315,0,1,0,0,0,1,1,1,0,1,0,0,0,0,1,0,0,0,1,0,0,0,0,0,1,1,1,0,0,0,0,0,0,0,0,0,0,1,0,0,1,1,1,1,0,0,0,0,0,0,1,0,0,0,0,0
556,5.44,ROMAINE,ASV_67,1,1,0,1,0,0,0,0,0,0,0,0,0,0,1,1,0,0,0,1,0,0,0,0,0,0,0,0,0,0,1,0,0,0,0,0,0,1,0,1,0,1,0,0,1,0,0,1,0,0,0,0,0,0,0,1
557,5.5,ROMAINE,ASV_653,1,0,1,1,0,1,0,0,1,1,0,0,0,0,1,1,0,0,0,0,0,0,0,0,0,0,0,1,0,0,1,0,0,0,0,0,1,0,0,1,0,0,1,0,1,1,0,1,0,0,1,1,0,0,0,0
558,5.5,ROMAINE,ASV_1296,0,1,0,0,0,0,0,0,0,1,0,0,0,0,1,0,0,1,0,0,0,0,0,0,1,1,1,1,0,0,1,1,0,0,1,0,0,0,0,1,1,0,0,0,0,0,0,0,1,0,1,0,0,0,1,1
559,5.5,ROMAINE,ASV_763,1,1,1,0,0,0,0,1,0,0,0,0,0,0,1,1,0,0,0,0,0,0,0,0,1,1,1,1,0,0,1,1,0,0,0,0,1,1,0,0,1,0,0,0,1,1,0,0,1,0,0,1,0,0,1,0
560,5.5,ROMAINE,ASV_877,0,1,0,0,0,0,0,1,0,1,0,0,1,0,1,1,0,0,1,1,0,0,0,1,1,1,1,1,0,0,1,1,0,0,1,1,0,1,0,0,1,1,0,0,0,1,0,0,1,0,1,0,0,0,0,0
561,5.5,ROMAINE,ASV_651,1,0,0,0,0,0,0,1,0,1,1,0,0,0,1,0,0,0,0,0,0,0,0,0,1,1,1,1,0,0,1,1,0,0,1,1,1,1,0,1,1,1,1,0,1,0,0,0,0,0,0,0,0,1,0,0
562,5.5,ROMAINE,ASV_1432,1,1,0,0,0,1,1,0,0,1,0,0,0,0,1,1,0,0,0,1,1,1,1,0,1,1,1,1,0,0,1,0,0,0,0,0,1,1,0,0,1,0,0,1,1,0,0,0,0,0,1,0,0,0,0,0
563,5.5,ROMAINE,ASV_643,1,1,1,1,1,1,1,0,0,1,0,0,0,0,1,1,0,0,0,1,0,0,0,0,1,1,1,1,1,0,1,0,0,0,0,0,0,1,0,1,1,1,0,1,1,0,0,0,0,0,0,0,0,1,0,0
564,5.53,ROMAINE,ASV_37,1,1,0,1,0,0,0,0,0,0,0,0,0,0,1,1,0,0,0,0,0,0,0,0,0,0,0,0,0,0,1,0,0,0,0,0,0,1,0,0,0,0,0,0,0,0,1,0,0,0,1,0,0,0,0,0
565,5.57,ROMAINE,ASV_39,1,1,0,0,0,0,0,0,0,0,0,0,1,0,1,1,0,0,0,1,0,0,0,0,0,0,0,1,0,0,1,0,0,0,1,0,1,1,0,1,0,1,0,0,0,0,1,1,0,0,1,1,0,0,0,0
566,5.57,ROMAINE,ASV_149,1,0,0,0,1,0,0,0,0,0,1,0,0,1,1,1,0,0,0,0,0,0,0,1,0,0,0,0,0,0,0,1,0,1,1,0,1,1,0,0,0,1,0,0,1,0,1,0,0,0,0,1,0,0,1,1
567,5.57,ROMAINE,ASV_589,1,1,1,0,0,0,0,0,0,1,0,0,1,0,1,1,0,0,0,0,0,0,0,0,1,1,1,0,1,0,1,0,0,0,1,0,1,1,0,0,1,0,0,0,1,1,1,1,0,0,1,1,0,1,0,0
568,5.61,ROMAINE,ASV_1809,1,1,0,1,1,0,0,0,0,0,0,0,0,0,1,1,0,0,1,0,0,0,0,0,1,0,0,1,0,0,1,1,0,0,0,0,1,1,0,1,1,0,1,1,1,1,0,0,0,0,1,0,0,1,0,0
569,5.63,ROMAINE,ASV_1755,1,1,0,1,0,0,0,0,0,1,0,0,0,0,1,0,0,0,1,0,0,0,0,0,1,1,1,1,0,0,1,0,0,0,1,0,0,1,0,0,0,0,0,0,0,0,1,0,0,0,1,0,0,0,0,1
570,5.63,ROMAINE,ASV_715,1,0,1,1,0,0,0,0,0,1,0,0,0,0,1,0,0,0,0,1,0,0,0,0,1,1,1,1,0,0,1,0,0,0,1,0,1,1,0,1,1,0,1,0,1,1,0,1,0,1,1,1,0,0,0,0
571,5.63,ROMAINE,ASV_889,1,1,1,1,0,0,1,0,0,1,0,0,0,0,1,1,0,0,0,1,0,0,1,0,1,1,1,1,0,0,1,0,0,0,1,0,0,1,0,1,1,0,0,0,1,0,0,1,0,0,1,0,0,1,0,1
572,5.63,ROMAINE,ASV_1712,1,1,1,0,0,0,1,0,0,1,0,0,0,0,1,1,0,0,0,1,1,1,1,0,1,1,1,1,0,0,1,1,0,0,1,0,0,1,0,0,1,1,1,0,1,0,0,1,0,0,1,1,0,0,0,0
573,5.63,ROMAINE,ASV_394,0,0,1,1,1,1,1,1,0,1,0,1,1,1,1,0,0,1,1,1,1,1,1,1,1,1,1,1,0,0,0,0,0,0,1,1,1,1,0,1,1,1,1,1,0,0,0,0,0,0,1,1,0,1,1,0
574,5.67,ROMAINE,ASV_181,0,1,0,0,0,1,0,0,0,1,0,0,1,1,1,0,0,1,0,1,0,0,0,1,1,1,1,1,0,0,0,0,0,0,0,1,1,1,0,1,1,1,1,0,0,1,0,0,0,1,1,1,0,1,0,1
575,5.67,ROMAINE,ASV_360,1,1,0,1,0,1,1,0,0,1,0,0,0,0,1,1,0,0,0,0,0,0,0,0,1,1,1,1,0,0,1,1,1,1,1,0,0,1,1,1,1,0,0,0,1,1,0,1,0,0,1,0,0,0,1,1
576,5.74,ROMAINE,ASV_469,1,0,0,0,0,0,1,1,0,1,1,1,0,0,0,0,0,0,0,1,1,1,1,0,0,1,1,0,0,0,1,0,1,1,0,1,0,1,1,1,0,0,0,0,0,1,1,0,0,0,1,0,0,0,1,0
577,5.74,ROMAINE,ASV_220,0,0,0,0,0,1,0,0,0,1,1,0,1,1,1,0,1,0,1,1,0,0,0,0,1,1,1,1,0,0,1,1,0,0,1,0,1,1,0,0,1,1,0,0,0,0,0,0,0,1,1,1,0,0,0,0
578,5.76,ROMAINE,ASV_116,0,0,0,1,0,0,0,0,0,0,0,0,0,0,1,1,0,0,0,0,0,0,0,0,0,0,0,1,0,0,1,0,0,0,0,1,1,1,0,1,1,0,0,1,0,0,1,0,0,0,0,1,0,1,1,0
579,5.79,ROMAINE,ASV_1084,1,1,0,1,0,0,0,0,0,1,0,0,0,0,1,1,0,0,0,0,1,1,1,1,1,1,1,1,0,0,1,0,0,0,0,0,0,1,0,0,1,1,1,0,1,0,1,0,0,0,1,0,0,0,1,1
580,5.8,ROMAINE,ASV_337,1,1,0,0,0,0,0,0,0,1,0,0,0,0,1,1,0,0,0,1,0,0,0,0,1,1,1,0,0,0,1,0,0,0,1,0,0,1,0,0,0,1,0,0,1,1,1,1,0,0,0,1,0,0,1,0
581,5.8,ROMAINE,ASV_1397,1,1,0,0,0,0,0,0,0,0,1,0,0,0,1,1,0,0,0,0,0,0,0,0,1,1,1,1,0,0,1,1,0,0,1,0,1,1,0,1,1,1,1,1,0,0,1,0,0,0,1,0,0,1,1,0
582,5.85,ROMAINE,ASV_738,1,1,0,0,0,0,0,0,0,0,0,0,0,1,1,1,0,0,0,0,0,0,0,0,0,0,0,1,0,0,1,1,0,0,1,0,1,1,0,0,0,0,0,0,0,0,1,0,0,0,0,0,0,0,1,1
583,5.85,ROMAINE,ASV_56,1,1,0,0,0,0,1,0,0,0,0,0,0,1,1,1,0,0,0,1,0,0,0,0,0,0,0,0,0,0,1,1,0,0,1,0,1,1,0,1,0,0,0,1,0,0,1,0,0,0,0,0,0,0,1,1
584,5.86,ROMAINE,ASV_3981,1,1,0,1,0,0,0,0,0,1,0,0,0,0,1,1,0,0,0,1,0,0,0,0,1,1,1,1,0,0,1,1,1,1,1,0,0,0,1,0,0,0,0,0,0,1,0,1,0,0,1,1,0,0,1,0
585,5.87,ROMAINE,ASV_2947,0,1,0,0,0,0,0,0,0,0,0,0,0,0,1,0,0,0,0,0,0,0,0,0,0,0,0,0,0,0,0,0,0,0,0,0,0,0,0,0,0,0,0,0,0,0,1,0,0,0,0,0,0,0,0,0
586,5.88,ROMAINE,ASV_75,1,0,0,1,0,0,1,0,0,0,0,0,0,1,1,1,0,0,0,1,0,0,0,0,1,1,1,1,0,0,1,0,1,1,1,0,0,1,1,1,1,0,1,0,1,0,0,0,0,0,0,0,0,0,0,0
587,5.89,ROMAINE,ASV_334,1,1,1,0,1,0,0,0,0,1,0,0,0,0,1,1,0,0,1,1,0,0,0,0,1,1,1,1,1,0,1,0,0,0,0,1,1,1,0,1,1,1,1,0,1,1,0,1,0,0,1,1,0,0,0,0
588,5.9,ROMAINE,ASV_248,1,1,1,0,0,0,0,0,0,1,0,1,0,0,1,1,0,0,0,0,0,0,0,0,1,1,1,0,0,0,1,0,1,1,0,0,0,1,1,1,0,0,0,0,1,1,0,1,0,0,0,0,0,0,0,0
589,5.9,ROMAINE,ASV_706,0,1,0,0,0,1,0,0,0,1,0,1,0,0,1,0,1,0,0,0,0,0,0,0,1,1,1,1,0,0,0,1,1,0,0,0,1,0,0,0,1,0,1,1,0,0,0,0,1,0,1,0,0,0,0,0
590,5.9,ROMAINE,ASV_596,1,1,0,1,0,0,1,0,0,0,0,0,0,0,1,1,0,0,0,1,0,0,0,0,1,1,1,1,0,0,1,0,0,0,1,0,0,1,0,1,1,0,0,0,1,0,0,0,0,0,0,0,0,1,1,0
591,5.9,ROMAINE,ASV_1566,1,1,0,0,0,0,0,0,0,1,0,0,0,0,1,1,0,0,0,0,0,0,0,0,1,1,1,1,0,0,1,0,0,0,1,0,1,1,0,0,0,0,0,0,1,1,0,1,1,0,1,0,0,0,1,1
592,5.96,ROMAINE,ASV_1324,0,1,0,0,0,0,0,0,0,0,0,0,0,0,1,1,0,0,0,0,0,0,0,0,0,0,0,0,0,0,0,0,0,0,0,0,1,1,0,0,0,0,0,0,0,1,0,0,0,0,1,0,0,0,0,1
593,5.96,ROMAINE,ASV_2793,1,1,0,1,1,0,1,1,0,0,0,0,0,0,1,1,0,0,0,1,0,0,0,0,1,1,1,1,0,0,1,1,0,0,1,1,1,1,0,1,1,1,1,1,1,1,1,0,0,0,1,0,0,1,0,0
594,5.98,ROMAINE,ASV_2161,0,1,0,0,0,0,0,0,0,0,0,0,0,0,0,0,0,0,0,0,0,0,0,0,0,0,0,1,0,0,0,0,0,0,0,0,1,1,0,0,0,1,0,0,0,0,0,0,0,0,0,0,0,0,1,0
595,6.02,ROMAINE,ASV_404,0,0,0,1,1,1,0,0,0,0,0,1,0,0,1,0,0,0,0,0,0,0,0,0,0,0,0,1,0,0,0,1,0,0,0,0,1,0,0,0,1,0,0,1,0,1,0,0,0,0,1,0,0,0,1,0
596,6.02,ROMAINE,ASV_48,1,1,0,0,0,0,1,0,0,1,0,0,1,0,1,1,0,0,0,1,0,0,0,0,0,0,0,0,0,0,1,0,0,0,0,0,0,1,0,0,0,1,0,0,1,1,1,1,0,0,1,0,0,0,0,0
597,6.03,ROMAINE,ASV_9,1,1,0,1,0,0,0,0,0,0,0,0,0,0,1,1,0,0,0,0,0,0,0,0,0,0,0,0,0,0,1,0,0,0,0,0,0,1,0,0,0,0,0,0,0,0,0,1,0,0,1,0,0,0,0,0
598,6.03,ROMAINE,ASV_1770,1,1,0,0,0,0,0,0,1,1,0,1,0,0,1,1,0,0,1,0,0,0,0,0,0,0,0,0,0,0,0,0,1,1,0,0,0,1,1,0,0,0,0,0,1,0,0,1,0,0,1,0,0,0,1,1
599,6.05,ROMAINE,ASV_1798,0,0,0,0,0,1,0,1,0,0,0,0,0,0,0,1,0,0,0,0,0,0,0,0,0,0,0,0,0,0,0,0,0,0,0,0,1,1,0,0,0,0,0,0,0,0,0,0,0,0,1,0,0,0,0,0
600,6.05,ROMAINE,ASV_288,1,1,0,0,0,0,0,0,0,0,0,0,0,0,1,1,0,0,0,0,0,0,0,0,0,0,0,0,0,0,1,0,0,0,1,0,0,1,0,1,0,1,0,0,1,0,1,1,0,0,0,0,0,0,0,0
601,6.05,ROMAINE,ASV_796,1,1,0,0,0,1,1,0,0,1,0,0,0,0,1,1,0,0,0,0,0,0,0,0,1,1,1,0,0,0,1,0,1,1,0,0,0,1,1,1,1,0,0,0,1,0,1,1,1,0,0,1,1,1,0,0
602,6.06,ROMAINE,ASV_1580,1,1,0,0,0,0,0,0,0,0,0,0,0,0,1,1,0,0,0,0,0,0,0,0,0,0,0,0,0,0,1,1,0,0,0,0,0,1,0,0,0,0,0,0,0,0,1,0,0,0,0,0,0,0,0,0
603,6.09,ROMAINE,ASV_1213,1,1,0,0,0,0,1,0,0,1,0,0,0,0,1,1,0,0,0,0,1,1,1,0,1,1,1,1,0,0,1,0,1,1,0,0,1,1,1,0,1,0,0,0,1,0,0,0,0,0,1,0,0,0,0,1
604,6.11,ROMAINE,ASV_2009,0,1,0,0,0,0,1,1,0,0,0,0,1,0,1,1,0,1,0,0,0,0,0,0,0,0,0,0,0,0,1,0,0,0,0,0,0,0,0,1,0,0,0,0,0,0,0,0,0,0,1,0,0,0,0,0
605,6.13,ROMAINE,ASV_1360,1,1,0,1,0,0,0,1,0,1,0,0,1,0,1,1,0,0,1,0,0,0,0,0,0,0,0,1,0,0,1,1,0,0,0,0,0,1,0,0,0,1,0,0,0,1,0,0,0,0,0,0,0,0,1,1
606,6.16,ROMAINE,ASV_551,1,1,1,1,1,0,1,1,0,1,1,1,0,0,1,0,0,0,0,0,1,1,1,0,1,1,1,0,0,0,1,0,0,0,1,1,0,1,0,1,0,1,0,0,0,1,0,0,0,0,1,0,0,1,1,1
607,6.2,ROMAINE,ASV_38,1,0,0,1,0,1,1,0,0,1,0,0,0,0,1,1,0,0,0,0,0,0,0,0,1,1,1,0,0,0,1,0,0,0,0,0,0,1,0,0,0,0,0,0,1,1,0,1,0,0,1,0,0,0,0,0
608,6.22,ROMAINE,ASV_532,1,1,0,1,0,0,1,0,0,0,0,0,0,0,1,1,0,0,0,0,0,0,0,0,0,0,0,0,0,0,1,0,0,0,0,0,0,1,0,1,0,0,0,0,1,1,0,0,1,0,1,1,0,0,0,0
609,6.24,ROMAINE,ASV_3391,0,0,0,0,0,0,0,0,0,0,0,0,0,0,1,0,0,0,0,0,0,0,0,0,0,0,0,0,0,0,0,0,0,0,0,0,0,0,0,0,0,1,0,0,0,1,0,0,0,0,0,0,0,0,0,0
610,6.24,ROMAINE,ASV_321,1,1,0,0,0,0,0,0,0,1,0,0,1,0,1,1,0,0,0,0,0,0,0,0,0,0,0,0,0,0,1,1,1,0,0,1,0,1,0,0,0,0,0,1,1,1,0,0,1,0,1,0,0,0,0,0
611,6.28,ROMAINE,ASV_421,0,1,0,0,0,0,0,0,0,0,0,0,0,0,1,1,0,0,0,0,0,0,0,0,1,1,1,1,0,0,1,1,0,0,0,0,1,1,0,1,0,0,0,0,1,1,0,0,0,0,0,0,0,0,0,0
612,6.28,ROMAINE,ASV_1681,0,1,0,0,0,0,1,1,0,0,0,0,1,0,1,1,0,1,0,0,0,0,0,0,0,0,0,0,0,0,1,0,0,0,0,0,0,0,0,1,0,0,0,0,0,0,0,0,0,0,1,0,0,0,0,0
613,6.28,ROMAINE,ASV_1603,1,1,0,0,0,0,0,0,0,1,0,0,0,0,1,1,0,0,0,1,0,0,0,0,0,0,0,0,0,0,1,0,0,0,1,0,0,1,0,0,1,0,0,0,1,0,1,0,0,1,1,1,0,0,0,1
614,6.28,ROMAINE,ASV_203,1,1,0,0,1,0,1,0,0,1,0,0,0,0,1,1,1,0,0,1,0,0,0,0,1,1,1,1,0,0,0,0,0,0,0,0,0,1,0,0,1,0,0,1,0,0,0,0,1,0,0,0,0,0,0,0
615,6.28,ROMAINE,ASV_327,1,1,0,0,0,0,1,0,0,0,0,0,0,0,1,1,0,0,0,0,1,1,1,0,0,0,0,1,0,0,1,0,0,0,0,1,1,1,0,0,0,1,0,0,1,1,0,1,0,0,1,1,0,0,1,1
616,6.28,ROMAINE,ASV_40,1,1,0,1,1,1,0,0,0,1,0,0,1,0,1,1,0,0,0,0,1,1,1,0,0,0,0,1,0,0,1,0,0,0,0,1,1,1,0,1,1,0,1,0,1,1,1,1,0,0,1,0,0,1,0,0
617,6.29,ROMAINE,ASV_186,1,1,0,1,0,0,0,0,0,1,0,0,0,0,1,1,0,0,0,1,0,0,0,0,1,1,1,1,0,0,1,0,1,1,0,0,0,1,1,1,0,1,0,0,1,0,1,1,1,0,0,0,0,0,0,0
618,6.3,ROMAINE,ASV_205,1,1,0,0,0,0,1,0,0,0,0,0,0,0,1,1,0,0,0,0,0,0,0,0,0,0,0,0,0,0,0,0,0,0,0,0,0,1,0,0,0,0,0,0,0,0,1,0,0,0,1,0,0,0,0,0
619,6.3,ROMAINE,ASV_291,1,1,0,1,0,0,0,1,0,1,0,0,0,0,1,1,0,0,0,0,0,0,0,0,0,0,0,1,0,1,1,1,0,0,0,0,0,1,0,1,0,1,0,1,0,1,0,0,0,0,1,0,0,0,1,1
620,6.31,ROMAINE,ASV_2990,1,1,0,0,0,0,0,0,0,0,0,0,0,0,1,1,0,0,0,0,0,0,0,0,0,0,0,0,0,0,1,0,0,0,0,0,1,1,0,0,0,1,0,0,0,0,0,0,0,0,0,1,0,0,0,0
621,6.38,ROMAINE,ASV_2706,1,1,0,0,0,0,0,0,0,0,0,0,0,0,1,1,0,0,0,0,0,0,0,0,0,0,0,0,0,0,1,0,0,0,0,0,0,1,0,0,1,0,0,0,0,0,0,0,0,0,0,0,0,0,0,0
622,6.4,ROMAINE,ASV_139,1,1,0,0,0,1,0,0,0,0,1,0,0,0,1,1,0,0,0,0,0,0,0,0,0,0,0,1,0,0,1,0,0,0,0,1,0,1,0,1,0,0,0,1,0,0,1,0,0,0,1,0,0,0,1,1
623,6.4,ROMAINE,ASV_68,1,1,0,1,0,0,0,0,0,1,0,0,1,0,1,1,0,0,0,0,0,0,0,0,1,1,1,1,0,0,1,0,0,0,0,0,0,1,0,0,0,0,0,0,1,0,0,1,1,0,1,0,0,0,0,0
624,6.42,ROMAINE,ASV_243,0,1,0,0,0,0,0,0,0,1,0,0,0,0,1,1,0,0,0,0,0,0,0,0,0,0,0,1,0,0,1,1,0,0,0,0,1,1,0,1,0,0,1,0,1,1,0,0,0,0,0,0,0,0,0,0
625,6.42,ROMAINE,ASV_47,1,1,0,0,0,0,1,0,0,0,0,0,0,0,1,1,0,0,0,1,0,0,0,0,0,0,0,1,0,0,1,0,1,1,0,0,0,1,1,1,0,1,0,1,1,1,0,0,0,0,1,1,0,0,0,0
626,6.42,ROMAINE,ASV_1011,1,1,0,1,0,0,0,0,0,0,1,0,0,0,1,1,0,0,0,0,0,0,0,0,0,0,0,1,0,0,1,0,0,0,1,0,1,1,0,0,0,0,0,0,1,1,0,0,0,0,1,0,0,0,0,1
627,6.42,ROMAINE,ASV_1070,1,1,0,0,0,0,1,0,0,1,0,0,0,0,1,1,0,0,0,0,0,0,0,0,0,0,0,0,0,0,1,1,1,1,0,0,0,1,1,0,0,0,1,0,1,1,1,1,1,0,1,0,0,0,0,0
628,6.43,ROMAINE,ASV_194,1,1,0,0,0,0,0,1,0,0,0,0,0,0,1,1,1,0,0,0,0,0,0,0,0,0,0,0,0,0,1,1,0,0,0,0,0,1,0,1,0,0,0,0,0,0,0,0,0,0,0,0,0,0,0,0
629,6.44,ROMAINE,ASV_143,1,1,0,1,0,0,0,0,0,0,0,0,0,0,1,1,0,0,0,0,0,0,0,0,1,1,1,1,0,0,1,0,1,1,0,0,1,1,1,1,0,0,0,0,1,1,0,1,0,0,0,1,0,1,0,0
630,6.46,ROMAINE,ASV_25,0,1,1,1,0,1,0,0,0,1,1,0,0,0,1,1,0,0,0,0,1,1,1,0,1,1,1,1,1,0,0,0,0,0,0,0,1,1,0,0,1,0,1,1,0,0,0,0,0,0,1,0,0,0,0,0
631,6.47,ROMAINE,ASV_140,0,0,0,1,0,1,0,0,0,0,0,0,0,0,1,1,0,0,0,0,0,0,0,0,0,0,0,0,0,0,0,0,0,0,0,0,0,0,0,0,0,0,0,1,0,0,0,0,0,0,0,0,0,0,0,0
632,6.47,ROMAINE,ASV_109,1,1,0,0,0,0,0,1,0,0,0,0,0,0,0,1,0,0,0,0,0,0,0,0,0,0,0,0,0,0,0,0,0,0,0,0,1,1,0,0,0,0,0,0,0,1,0,0,0,0,1,0,0,0,0,1
633,6.47,ROMAINE,ASV_89,0,1,0,0,0,0,0,0,0,0,0,0,0,0,1,1,0,0,0,0,0,0,0,0,0,0,1,0,0,0,0,0,0,0,0,0,1,1,0,0,1,0,0,0,0,1,0,0,0,0,1,0,0,0,0,0
634,6.48,ROMAINE,ASV_261,1,1,0,0,1,0,0,0,0,1,1,0,0,0,1,1,0,0,1,0,0,0,0,0,1,1,1,1,0,0,1,0,1,1,0,0,0,1,1,1,0,0,1,0,1,1,0,1,0,0,1,1,0,0,0,0
635,6.51,ROMAINE,ASV_398,1,1,0,0,0,0,0,0,0,0,0,0,0,0,1,1,0,0,0,0,0,0,0,0,1,1,1,1,0,0,1,1,0,0,1,0,0,1,0,1,1,1,0,0,0,0,0,0,0,0,0,0,0,0,0,0
636,6.51,ROMAINE,ASV_501,1,1,0,0,0,0,1,0,0,1,0,0,0,0,1,1,0,0,0,1,0,0,0,0,1,1,1,1,0,0,1,0,0,0,1,0,1,1,0,0,1,1,0,0,1,1,0,1,0,0,1,1,0,1,0,1
637,6.53,ROMAINE,ASV_306,1,1,0,0,0,0,1,0,0,1,0,0,0,0,1,1,0,0,0,0,0,0,0,1,1,1,1,1,0,0,1,1,1,1,1,0,0,1,1,1,1,0,1,0,1,0,0,0,1,0,0,1,0,0,1,0
638,6.53,ROMAINE,ASV_686,0,1,0,0,0,0,0,1,0,1,0,0,1,0,1,1,0,0,1,0,0,0,0,1,1,1,1,1,0,0,1,1,0,0,1,0,0,1,0,0,1,1,0,0,0,1,0,0,1,0,1,0,0,1,0,0
639,6.54,ROMAINE,ASV_79,1,1,0,0,0,0,0,0,0,0,0,0,0,0,1,1,0,0,0,0,0,0,0,0,0,0,0,0,0,0,1,0,0,0,0,0,0,1,0,0,0,0,0,0,0,0,0,1,0,0,0,0,0,0,0,1
640,6.54,ROMAINE,ASV_352,1,1,0,0,0,0,0,1,0,0,0,0,0,0,1,1,1,0,0,0,0,0,0,0,0,0,0,0,0,0,1,1,0,0,0,0,0,1,0,1,0,0,0,0,0,0,0,0,0,0,0,0,0,0,0,0
641,6.54,ROMAINE,ASV_12,0,1,0,0,0,0,0,0,0,0,0,0,0,0,1,1,0,1,0,0,0,0,0,0,0,0,0,1,0,0,1,1,0,0,1,0,0,0,0,0,0,1,0,0,0,1,0,1,0,0,1,0,0,0,0,0
642,6.57,ROMAINE,ASV_385,1,1,0,0,0,0,1,0,0,1,0,0,0,0,1,1,0,0,0,0,0,0,0,0,1,1,1,0,0,0,1,0,1,1,0,0,1,1,1,1,1,0,1,0,1,1,0,1,0,0,0,1,0,1,0,0
643,6.57,ROMAINE,ASV_520,1,1,1,1,1,0,1,0,0,1,0,0,0,0,1,1,0,0,0,0,0,0,0,0,1,1,1,1,0,0,1,0,0,0,1,0,0,1,0,1,1,0,0,1,1,0,0,0,0,0,0,1,0,1,0,0
644,6.58,ROMAINE,ASV_212,1,0,0,0,0,1,0,0,0,0,0,1,0,0,0,0,0,0,0,1,1,1,1,0,0,0,0,1,0,0,1,0,0,0,0,1,0,1,0,1,0,0,0,0,0,1,1,0,0,0,1,0,1,0,1,0
645,6.58,ROMAINE,ASV_20,1,1,0,0,0,0,1,0,0,1,0,0,0,0,1,0,0,0,0,0,0,0,0,0,1,1,1,1,0,0,1,0,0,0,1,0,0,1,0,1,1,0,0,0,1,1,0,0,1,0,0,1,1,0,0,0
646,6.58,ROMAINE,ASV_1955,1,1,0,1,0,0,1,0,0,1,0,0,0,0,1,1,0,0,0,0,0,0,0,0,1,1,1,1,1,0,1,0,0,0,1,1,0,1,0,1,0,1,1,0,1,1,0,0,1,0,0,1,0,0,0,0
647,6.6,ROMAINE,ASV_2384,0,0,0,0,0,0,0,0,0,0,0,0,0,0,1,0,0,0,0,0,0,0,0,0,0,0,0,0,0,0,0,0,0,0,0,0,0,0,0,0,0,1,0,0,0,1,0,0,0,0,0,0,0,0,0,0
648,6.6,ROMAINE,ASV_411,1,1,0,1,0,0,0,1,0,0,0,0,0,0,1,1,0,0,0,0,0,0,0,1,0,0,0,0,0,1,1,1,0,0,1,0,0,1,0,1,0,0,0,0,0,0,0,0,0,0,0,0,0,0,1,0
649,6.6,ROMAINE,ASV_263,1,1,0,0,0,0,0,0,0,0,0,0,0,0,1,1,0,0,0,0,0,0,0,0,1,1,1,1,0,0,1,1,0,0,1,0,0,1,0,1,1,1,0,0,0,0,0,0,0,0,0,0,0,0,0,0
650,6.6,ROMAINE,ASV_1094,0,1,0,1,0,0,0,0,0,1,0,0,0,0,1,1,0,1,0,0,0,0,0,0,0,1,0,0,0,0,1,1,0,0,0,0,0,0,1,0,0,0,0,0,0,0,1,0,0,0,0,0,0,0,1,1
651,6.62,ROMAINE,ASV_3132,0,1,0,0,0,0,0,0,0,0,0,0,0,0,1,1,0,0,0,0,0,0,0,0,0,0,0,0,0,0,1,0,0,0,0,0,0,1,0,0,0,0,0,0,0,1,0,0,0,0,1,0,0,0,1,1
652,6.62,ROMAINE,ASV_73,0,0,0,0,0,1,0,0,0,0,0,0,0,0,1,1,0,0,0,0,0,0,0,0,0,0,0,0,0,0,0,0,0,0,0,0,0,1,0,0,0,0,0,1,0,0,0,0,0,0,0,0,0,0,0,0
653,6.62,ROMAINE,ASV_911,1,1,0,0,0,1,1,0,0,1,0,0,0,0,1,1,0,0,0,0,1,0,1,0,1,1,1,1,0,0,1,1,0,0,0,0,0,1,0,0,0,0,1,0,1,0,0,1,0,0,1,1,0,0,0,0
654,6.64,ROMAINE,ASV_26,1,1,0,1,0,0,0,0,0,1,0,0,0,0,1,1,0,0,0,0,0,0,0,0,0,0,0,0,0,0,1,1,1,1,0,0,0,1,1,0,0,0,0,0,1,0,0,1,0,0,0,0,0,1,0,0
655,6.69,ROMAINE,ASV_656,1,0,0,0,0,0,1,1,0,0,0,0,0,1,1,1,0,0,0,0,0,0,0,0,0,0,0,1,0,0,1,1,0,0,0,0,1,1,0,1,0,1,0,0,0,1,1,0,0,0,0,0,0,0,1,0
656,6.81,ROMAINE,ASV_2113,1,0,0,0,0,0,1,0,0,0,0,0,0,1,1,1,0,0,0,0,0,0,0,0,0,0,0,0,0,0,1,0,0,0,0,0,0,1,0,0,0,0,0,0,0,0,1,0,0,0,1,0,0,0,1,0
657,6.83,ROMAINE,ASV_485,1,1,0,1,0,0,1,0,0,0,0,0,1,0,1,1,0,0,0,0,0,0,0,1,0,0,0,1,0,0,1,1,0,0,1,0,0,1,0,1,0,0,0,0,1,1,0,0,1,0,1,1,0,0,0,0
658,6.94,ROMAINE,ASV_959,0,0,0,0,0,1,1,0,0,0,0,0,0,1,1,1,0,0,0,0,0,0,0,0,0,0,0,1,0,0,0,0,0,0,1,0,1,0,0,1,0,0,0,0,0,0,1,0,0,0,0,0,0,0,1,1
659,7.82,ROMAINE,ASV_845,1,1,0,0,0,0,1,0,0,0,1,0,0,0,1,1,0,0,0,0,0,0,0,0,0,0,0,0,0,0,1,1,0,0,0,0,0,0,0,0,0,0,0,0,1,1,1,1,0,0,0,0,0,0,0,0
660,7.88,ROMAINE,ASV_1929,1,1,0,1,0,0,1,0,0,1,0,0,0,0,1,1,0,0,0,0,0,0,0,0,1,1,1,1,1,0,1,0,0,0,1,1,0,1,0,1,0,1,1,0,1,1,0,0,1,0,0,1,0,0,0,0
661,7.9,ROMAINE,ASV_682,1,1,0,0,0,0,1,0,0,0,0,0,0,0,1,1,0,0,0,0,0,0,0,0,0,0,0,0,0,0,1,0,1,1,1,0,0,1,1,1,0,0,1,0,1,0,0,0,1,0,0,1,0,0,0,0
662,7.9,ROMAINE,ASV_154,1,1,0,0,0,0,1,0,0,1,0,0,0,0,1,1,0,0,0,0,0,0,0,0,0,0,0,0,0,0,1,1,1,1,0,0,0,1,1,1,0,0,0,0,1,1,0,1,1,0,1,0,0,0,1,0
663,7.9,ROMAINE,ASV_451,1,1,0,0,0,0,0,0,0,1,0,0,1,0,1,0,0,0,0,1,0,0,0,0,1,1,1,1,1,0,1,0,1,1,1,0,0,0,1,1,0,0,0,0,1,1,1,1,0,0,0,0,1,0,0,0
664,7.9,ROMAINE,ASV_142,1,1,0,1,0,0,1,0,0,1,0,0,0,0,1,1,0,0,0,0,0,0,0,0,1,1,1,1,0,0,1,0,1,1,0,0,0,1,1,1,1,0,0,0,1,0,0,1,0,0,0,0,1,1,0,0
665,7.9,ROMAINE,ASV_937,1,1,0,1,0,0,1,0,0,1,0,0,1,0,1,0,0,0,0,1,0,0,0,0,1,1,1,1,0,0,1,1,1,1,1,0,0,0,1,1,0,0,0,0,1,1,1,1,0,0,1,1,1,0,1,0
666,7.91,ROMAINE,ASV_1876,1,1,0,0,0,0,0,0,0,1,0,0,0,1,1,1,0,0,0,0,0,0,0,0,1,1,1,1,0,1,1,1,1,1,0,0,0,1,1,0,0,0,0,0,0,1,0,0,1,0,1,0,0,0,1,0
667,7.91,ROMAINE,ASV_207,1,1,0,0,0,0,1,0,0,0,0,0,0,0,1,1,0,0,0,0,0,0,0,0,0,0,0,0,0,0,1,1,0,0,0,0,0,1,0,0,0,0,0,0,1,0,1,1,0,0,1,0,0,0,0,0
668,7.91,ROMAINE,ASV_284,1,1,0,0,0,0,1,0,0,1,0,0,0,0,1,1,0,0,0,1,1,1,1,1,1,1,1,0,0,0,1,0,1,1,0,0,0,1,1,0,1,0,0,1,1,0,1,1,0,0,1,0,0,0,1,1
669,7.94,ROMAINE,ASV_459,1,1,0,0,0,0,0,0,0,0,0,0,0,0,1,1,0,0,0,0,0,0,0,0,0,0,0,1,0,0,1,1,0,0,0,0,1,1,0,0,0,0,1,0,0,1,1,0,0,0,0,0,0,0,0,0
670,7.94,ROMAINE,ASV_620,0,1,0,0,0,0,1,0,0,0,0,0,0,0,1,1,0,0,0,0,0,0,0,0,0,0,0,0,0,0,1,1,0,0,0,0,0,1,0,1,0,0,0,0,0,0,1,0,0,0,0,0,0,0,0,0
671,7.94,ROMAINE,ASV_77,1,1,0,0,0,0,1,0,0,1,0,0,0,0,1,1,0,0,0,0,0,0,0,0,0,0,0,0,0,0,1,1,1,1,0,0,0,1,1,0,0,0,0,0,1,1,0,1,1,0,1,0,0,0,1,0
672,7.94,ROMAINE,ASV_829,1,1,0,1,0,0,1,0,0,1,0,0,0,0,1,0,0,0,0,0,1,1,1,0,1,1,1,0,0,0,1,1,0,0,1,0,1,0,0,1,1,1,1,0,1,1,0,1,0,0,1,1,0,1,1,0
